POLLSTER,START,END,SAMPLE,POPULATION,DEMPCT,REPPCT,OTHERPCT
AtlasIntel,11/5/22,11/7/22,1013,a,44.1,47.6,
AtlasIntel,11/5/22,11/7/22,863,lv,46.6,49.7,
Trafalgar Group,11/4/22,11/6/22,1099,lv,42.7,48.4,
Data for Progress,11/3/22,11/6/22,1130,lv,48,52,
YouGov,11/3/22,11/6/22,1071,lv,48,49,
YouGov,11/3/22,11/6/22,1315,rv,47,46,
Morning Consult,11/4/22,11/5/22,2005,rv,48,43,
NBC News/The Wall Street Journal,11/3/22,11/5/22,1000,rv,47,47,
NBC News/The Wall Street Journal,11/3/22,11/5/22,786,lv,48,47,
Big Village/Opinion Research Corporation,11/2/22,11/4/22,1009,a,39.9,37.9,
Big Village/Opinion Research Corporation,11/2/22,11/4/22,702,lv,50,46.2,
Rasmussen Reports/Pulse Opinion Research,10/30/22,11/3/22,2500,lv,43,48,
ABC News/The Washington Post,10/30/22,11/2/22,881,rv,48,49,
ABC News/The Washington Post,10/30/22,11/2/22,688,lv,48,50,
Big Village/Opinion Research Corporation,10/31/22,11/2/22,702,lv,51.5,44.9,
Big Village/Opinion Research Corporation,10/31/22,11/2/22,1006,a,43.1,36.8,
Ipsos,10/31/22,11/1/22,453,lv,48,46,
Ipsos,10/31/22,11/1/22,801,rv,43,40,
Ipsos,10/31/22,11/1/22,1004,a,37,36,
YouGov,10/29/22,11/1/22,1101,lv,49,49,
YouGov,10/29/22,11/1/22,1330,rv,48,48,
Data for Progress,10/28/22,10/31/22,1276,lv,47,51,
YouGov,10/27/22,10/31/22,1172,rv,46,44,
NewsNation,10/28/22,10/31/22,1017,rv,43.44,44.67,
Morning Consult,10/28/22,10/31/22,2005,rv,47,42,
SSRS,10/26/22,10/31/22,992,lv,51,47,
SSRS,10/26/22,10/31/22,1290,rv,46,47,
Benenson Strategy Group,10/27/22,10/30/22,1000,v,42,44,
Quinnipiac University,10/26/22,10/30/22,2010,rv,44,48,
Quinnipiac University,10/26/22,10/30/22,2203,a,44,46,
Morning Consult,10/28/22,10/30/22,6974,lv,46,46,
ALG Research,10/21/22,10/28/22,800,lv,38,40,
YouGov,10/26/22,10/28/22,1899,lv,45,47,
Marist College,10/24/22,10/27/22,1469,rv,46,46,
Morning Consult,10/25/22,10/27/22,7947,lv,47,46,
Data for Progress,10/26/22,10/27/22,1217,lv,45,49,
Tufts University,10/25/22,10/27/22,642,lv,48,47,
Trafalgar Group,10/25/22,10/27/22,1089,lv,42,48,
Rasmussen Reports/Pulse Opinion Research,10/23/22,10/27/22,2500,lv,42,49,
Fabrizio Lee & Associates/Impact Research,10/22/22,10/26/22,1500,rv,44,46,
Echelon Insights,10/24/22,10/26/22,1014,rv,48,45,
Echelon Insights,10/24/22,10/26/22,1014,lv,48,46,
Big Village/Opinion Research Corporation,10/24/22,10/26/22,713,lv,50,46,
Big Village/Opinion Research Corporation,10/24/22,10/26/22,1006,a,42,38,
Insider Advantage,10/25/22,10/25/22,750,lv,44,48,
Ipsos,10/24/22,10/25/22,1005,a,34,32,
YouGov,10/22/22,10/25/22,1114,lv,49,45,
YouGov,10/22/22,10/25/22,1335,rv,46,42,
Morning Consult,10/22/22,10/24/22,7947,lv,48,46,
Global Strategy Group/GBAO (Navigator Research),10/20/22,10/24/22,1000,rv,48,45,
Suffolk University,10/19/22,10/24/22,1000,lv,45,49,
Ipsos,10/13/22,10/23/22,937,lv,49,48,
Ipsos,10/13/22,10/23/22,1540,a,32,30,
Morning Consult,10/21/22,10/23/22,2005,rv,47,42,
Morning Consult,10/21/22,10/23/22,7800,lv,48,45,
GQR Research (GQRR),10/19/22,10/23/22,1000,rv,49,49,
Cygnal,10/19/22,10/21/22,5502,lv,48.6,46.9,
Morning Consult,10/18/22,10/20/22,7947,lv,47,45,
Rasmussen Reports/Pulse Opinion Research,10/16/22,10/20/22,2500,lv,43,47,
The Winston Group,10/17/22,10/19/22,1300,rv,46,44,
Emerson College,10/18/22,10/19/22,1000,rv,41,46,
YouGov,10/17/22,10/19/22,1000,a,43,40,
Hart Research Associates/Public Opinion Strategies,10/14/22,10/18/22,797,lv,47,48,
Hart Research Associates/Public Opinion Strategies,10/14/22,10/18/22,1000,rv,47,46,
Data for Progress,10/6/22,10/18/22,4576,lv,45,48,
SurveyMonkey,9/15/22,10/18/22,108206,lv,49,51,
Ipsos,10/17/22,10/18/22,1002,a,36,35,
YouGov,10/16/22,10/18/22,1110,lv,46,47,
YouGov,10/16/22,10/18/22,1345,rv,45,44,
Morning Consult,10/15/22,10/17/22,7947,lv,47,45,
McLaughlin & Associates,10/12/22,10/17/22,1000,lv,43,49,
Monmouth University,10/13/22,10/17/22,756,rv,44,50,
Monmouth University,10/13/22,10/17/22,808,a,45,49,
YouGov,10/13/22,10/17/22,1209,rv,46,44,
YouGov,10/13/22,10/17/22,1629,a,38,34,
Hart Research Associates/Public Opinion Strategies,10/13/22,10/16/22,800,rv,46,48,
Pew Research Center,10/10/22,10/16/22,3993,rv,41,40,
Morning Consult,10/14/22,10/16/22,2005,rv,45,44,
Morning Consult,10/12/22,10/14/22,7947,lv,48,45,
YouGov,10/12/22,10/14/22,1753,lv,45,47,
Harris Insights & Analytics,10/12/22,10/13/22,,,47,53,
Harris Insights & Analytics,10/12/22,10/13/22,2010,rv,50,50,
Rasmussen Reports/Pulse Opinion Research,10/9/22,10/13/22,2500,lv,41,48,
Siena College/The New York Times Upshot,10/9/22,10/12/22,792,rv,46,46,
Siena College/The New York Times Upshot,10/9/22,10/12/22,792,lv,45,49,
Fox News/Beacon Research/Shaw & Co. Research,10/9/22,10/12/22,1206,rv,44,41,
Trafalgar Group,10/10/22,10/12/22,1079,lv,43,48,
Morning Consult,10/9/22,10/11/22,7947,lv,48,45,
Public Opinion Strategies,10/7/22,10/11/22,2000,lv,45,43,
Susquehanna Polling & Research Inc.,10/4/22,10/11/22,800,lv,48,48,
Ipsos,10/10/22,10/11/22,1004,a,36,32,
YouGov,10/8/22,10/11/22,1030,lv,48,46,
YouGov,10/8/22,10/11/22,1330,rv,46,44,
Pioneer Polling/Tarrance Group,10/8/22,10/10/22,1208,lv,46,47,
Global Strategy Group/GBAO (Navigator Research),10/6/22,10/10/22,1000,rv,49,44,
AP-NORC,10/6/22,10/10/22,1121,a,41,34,
Morning Consult,10/7/22,10/9/22,2006,rv,46,42,
Morning Consult,10/6/22,10/8/22,7947,lv,47,45,
IBD/TIPP,10/5/22,10/7/22,1158,rv,43,42,
Big Village/Opinion Research Corporation,10/5/22,10/7/22,708,lv,51,45,
Big Village/Opinion Research Corporation,10/5/22,10/7/22,1005,a,43,38,
Rasmussen Reports/Pulse Opinion Research,10/2/22,10/6/22,2500,lv,43,47,
SSRS,9/3/22,10/5/22,1198,lv,50,47,
SSRS,9/3/22,10/5/22,1577,rv,46,43,
Morning Consult,10/3/22,10/5/22,7947,lv,48,45,
John Zogby Strategies/EMI Research Solutions,10/5/22,10/5/22,1006,lv,45,43,
Ipsos,10/3/22,10/4/22,1003,a,33,32,
YouGov,10/1/22,10/4/22,1042,lv,47,46,
YouGov,10/1/22,10/4/22,1305,rv,45,44,
Data for Progress,9/16/22,10/3/22,7380,lv,45,47,
Insider Advantage,10/3/22,10/3/22,750,lv,44,47,
Morning Consult,9/30/22,10/2/22,2005,rv,46,43,
Morning Consult,9/30/22,10/2/22,7923,lv,49,44,
Marist College,9/27/22,9/29/22,1562,rv,46,44,
Morning Consult,9/27/22,9/29/22,7947,lv,49,44,
NewsNation,9/26/22,9/29/22,1017,rv,45,44,
Rasmussen Reports/Pulse Opinion Research,9/25/22,9/29/22,2500,lv,44,45,
Morning Consult,9/27/22,9/28/22,2005,rv,45,42,
Susquehanna Polling & Research Inc.,9/21/22,9/27/22,881,lv,43,44,
YouGov,9/23/22,9/27/22,1138,rv,45,41,
YouGov,9/23/22,9/27/22,1566,a,38,33,
Ipsos,9/26/22,9/27/22,1004,a,37,32,
Trafalgar Group,9/25/22,9/27/22,1084,lv,46,51,
YouGov,9/24/22,9/27/22,1055,lv,46,47,
YouGov,9/24/22,9/27/22,1341,rv,44,44,
Kaiser Family Foundation,9/15/22,9/26/22,1291,rv,47,43,
Global Strategy Group/GBAO (Navigator Research),9/22/22,9/26/22,997,rv,49,43,
Morning Consult,9/24/22,9/26/22,7947,lv,48,44,
Morning Consult,9/24/22,9/25/22,2005,rv,46,41,
Monmouth University,9/21/22,9/25/22,750,rv,45,47,
Monmouth University,9/21/22,9/25/22,806,a,44,47,
Morning Consult,9/23/22,9/25/22,2005,rv,45,43,
Selzer & Co.,9/20/22,9/25/22,563,lv,46,42,
Morning Consult,9/23/22,9/24/22,2005,rv,47,41,
Morning Consult,9/21/22,9/23/22,7947,lv,48,44,
YouGov,9/21/22,9/23/22,1954,lv,45,46,
Big Village/Opinion Research Corporation,9/21/22,9/23/22,821,rv,46,41,
Big Village/Opinion Research Corporation,9/21/22,9/23/22,1007,a,39,38,
Rasmussen Reports/Pulse Opinion Research,9/18/22,9/22/22,2500,lv,42,44,
McLaughlin & Associates,9/17/22,9/22/22,1000,lv,44,48,
ABC News/The Washington Post,9/18/22,9/22/22,,,46,51,
ABC News/The Washington Post,9/18/22,9/21/22,908,rv,46,47,
Emerson College,9/20/22,9/21/22,1368,lv,45,45,
Morning Consult,9/18/22,9/20/22,7947,lv,48,45,
Ipsos,9/19/22,9/20/22,1004,a,34,33,
YouGov,9/17/22,9/20/22,1318,rv,46,41,
Ipsos,9/6/22,9/19/22,930,lv,41,41,
Ipsos,9/6/22,9/19/22,1564,a,32,29,
Premise,9/16/22,9/19/22,1703,a,46,34,
Echelon Insights,9/16/22,9/19/22,1056,rv,49,42,
Echelon Insights,9/16/22,9/19/22,1056,lv,49,44,
Morning Consult,9/16/22,9/18/22,2005,rv,46,41,
Morning Consult,9/15/22,9/17/22,7947,lv,48,45,
Cygnal,9/14/22,9/16/22,5196,lv,47,47,
GQR Research (GQRR),9/9/22,9/15/22,1000,rv,50,47,
OnMessage Inc.,9/12/22,9/15/22,1600,lv,43,46,
Rasmussen Reports/Pulse Opinion Research,9/11/22,9/15/22,2500,lv,42,43,
Data for Progress,8/29/22,9/15/22,4258,lv,45,47,
Siena College/The New York Times Upshot,9/6/22,9/14/22,1399,lv,47,46,
Marquette University Law School,9/7/22,9/14/22,1282,rv,47,41,
Morning Consult,9/12/22,9/14/22,7947,lv,48,45,
Siena College/The New York Times Upshot,9/6/22,9/14/22,1399,rv,46,44,
Ipsos,9/12/22,9/13/22,,lv,42,43,
Hart Research Associates/Public Opinion Strategies,9/9/22,9/13/22,1000,rv,46,46,
Ipsos,9/12/22,9/13/22,1003,a,37,33,
YouGov,9/10/22,9/13/22,1307,rv,43.2,39.3,
Fox News/Beacon Research/Shaw & Co. Research,9/9/22,9/12/22,1201,rv,44,41,
Public Religion Research Institute,9/1/22,9/11/22,,,37,36,
Public Religion Research Institute,9/1/22,9/11/22,2523,a,37,34,
The Winston Group,9/9/22,9/11/22,1000,rv,45,45,
Global Strategy Group/GBAO (Navigator Research),9/8/22,9/11/22,1001,rv,48,42,
Morning Consult,9/9/22,9/11/22,8384,lv,48,44,
Morning Consult,9/9/22,9/11/22,2006,rv,47,42,
Morning Consult,9/8/22,9/10/22,7947,lv,48,44,
IBD/TIPP,9/7/22,9/9/22,1145,rv,48,46,
Big Village/Opinion Research Corporation,9/7/22,9/9/22,1008,a,41,36.8,
Big Village/Opinion Research Corporation,9/7/22,9/9/22,857,rv,45.9,40.6,
Trafalgar Group,9/7/22,9/9/22,1081,lv,42.2,47.9,
Morning Consult,9/7/22,9/9/22,7947,lv,48,44,
"Cor Services, Inc.",9/6/22,9/8/22,534,lv,44,45,
Harris Insights & Analytics,9/7/22,9/8/22,1854,rv,51,49,
Morning Consult,9/6/22,9/8/22,7947,lv,48,45,
Rasmussen Reports/Pulse Opinion Research,9/4/22,9/8/22,2500,lv,42,46,
Ipsos,9/6/22,9/7/22,1003,a,36,34,
Morning Consult,9/5/22,9/7/22,7947,lv,48,45,
Echelon Insights,8/31/22,9/7/22,1228,lv,46,46,
Morning Consult,9/4/22,9/6/22,7947,lv,47,44,
YouGov,9/3/22,9/6/22,1337,rv,44.2,37.5,
YouGov,9/2/22,9/6/22,1244,rv,45,40,
YouGov,9/2/22,9/6/22,1634,a,39,34,
Morning Consult,9/3/22,9/5/22,7947,lv,47,45,
Morning Consult,9/2/22,9/4/22,8909,lv,47,45,
OnMessage Inc.,9/1/22,9/3/22,800,lv,44,46,
Morning Consult,9/1/22,9/3/22,8731,lv,48,45,
Morning Consult,8/31/22,9/2/22,8631,lv,47,45,
Opinion Savvy/InsiderAdvantage,9/1/22,9/1/22,500,lv,44.7,43.5,
Morning Consult,8/30/22,9/1/22,8724,lv,48,45,
Marist College,8/29/22,9/1/22,1151,rv,48,44,
Rasmussen Reports/Pulse Opinion Research,8/28/22,9/1/22,2500,lv,42,47,
Morning Consult,8/29/22,8/31/22,9039,lv,47,45,
Global Strategy Group/GBAO (Navigator Research),8/26/22,8/31/22,1000,rv,48,43,
YouGov,8/28/22,8/30/22,1342,rv,46.4,37.7,
Trafalgar Group,8/28/22,8/30/22,1084,lv,41.4,47.2,
Morning Consult,8/28/22,8/30/22,9377,lv,48,45,
Morning Consult,8/27/22,8/29/22,9546,lv,48,44,
Quinnipiac University,8/25/22,8/29/22,1584,a,46,42,
Quinnipiac University,8/25/22,8/29/22,1419,rv,47,43,
SurveyMonkey,8/22/22,8/29/22,20799,a,39,38,
Morning Consult,8/26/22,8/28/22,2007,rv,47,42,
Morning Consult,8/26/22,8/28/22,9177,lv,48,44,
Data for Progress,8/12/22,8/28/22,8876,lv,45,46,
Morning Consult,8/25/22,8/27/22,8685,lv,48,45,
Big Village/Opinion Research Corporation,8/24/22,8/26/22,1005,a,43.6,35.7,
Big Village/Opinion Research Corporation,8/24/22,8/26/22,848,rv,48.3,40.8,
YouGov,8/24/22,8/26/22,1854,lv,45,47,
Morning Consult,8/24/22,8/26/22,8696,lv,48,44,
Morning Consult,8/23/22,8/25/22,8886,lv,48,44,
WPA Intelligence (WPAi),8/22/22,8/25/22,1000,rv,44,42,
WPA Intelligence (WPAi),8/22/22,8/25/22,,lv,47,44,
Rasmussen Reports/Pulse Opinion Research,8/21/22,8/25/22,2500,lv,42,47,
Fabrizio Lee & Associates/Impact Research,8/17/22,8/25/22,1313,rv,47,44,
Emerson College,8/23/22,8/24/22,1000,rv,43.6,44.6,
Morning Consult,8/22/22,8/24/22,9291,lv,47,45,
McLaughlin & Associates,8/20/22,8/24/22,1000,lv,45,45,
NewsNation,8/22/22,8/23/22,1028,rv,42.18,44.98,
Morning Consult,8/21/22,8/23/22,9387,lv,47,45,
YouGov,8/20/22,8/23/22,1318,rv,43.7,38.5,
Morning Consult,8/20/22,8/22/22,9402,lv,48,45,
Echelon Insights,8/19/22,8/22/22,1054,rv,50,42,
Echelon Insights,8/19/22,8/22/22,1054,lv,48,44,
YouGov,8/18/22,8/22/22,1563,a,38,33,
YouGov,8/18/22,8/22/22,1188,rv,45,39,
SSRS,8/5/22,8/22/22,1815,rv,47,44,
YouGov,8/10/22,8/21/22,1796,lv,49,45,
Ipsos,8/12/22,8/21/22,5049,a,34,31,
Morning Consult,8/19/22,8/21/22,2005,rv,47,42,
Cygnal,8/19/22,8/21/22,5647,lv,47.2,46.5,
Morning Consult,8/19/22,8/21/22,9057,lv,48,45,
Morning Consult,8/18/22,8/20/22,8852,lv,48,45,
Morning Consult,8/17/22,8/19/22,8914,lv,47,45,
J.L. Partners,8/16/22,8/18/22,1023,a,45,41,
Morning Consult,8/16/22,8/18/22,9203,lv,48,44,
Rasmussen Reports/Pulse Opinion Research,8/14/22,8/18/22,2500,lv,41,46,
ALG Research,8/10/22,8/17/22,1000,lv,40,44,
Morning Consult,8/15/22,8/17/22,9382,lv,47,45,
Trafalgar Group,8/14/22,8/16/22,1091,lv,41.6,46.9,
Morning Consult,8/14/22,8/16/22,9382,lv,48,44,
YouGov,8/13/22,8/16/22,1331,rv,45.1,38.7,
NBC News/The Wall Street Journal,8/12/22,8/16/22,1000,rv,45,47,
Morning Consult,8/13/22,8/15/22,9301,lv,47,44,
Morning Consult,8/12/22,8/14/22,2005,rv,46,42,
Morning Consult,8/12/22,8/14/22,8938,lv,48,45,
OnMessage Inc.,8/11/22,8/14/22,800,lv,43,47,
Pew Research Center,8/1/22,8/14/22,6929,rv,44,42,
Morning Consult,8/11/22,8/13/22,8791,lv,48,45,
Big Village/Opinion Research Corporation,8/10/22,8/12/22,1006,a,40.9,37.2,
Big Village/Opinion Research Corporation,8/10/22,8/12/22,828,rv,46.2,41.8,
Morning Consult,8/10/22,8/12/22,8693,lv,47,45,
Morning Consult,8/9/22,8/11/22,8535,lv,47,45,
Rasmussen Reports/Pulse Opinion Research,8/7/22,8/11/22,2500,lv,43,46,
Morning Consult,8/8/22,8/10/22,10434,rv,45,43,
YouGov,8/7/22,8/9/22,1331,rv,44.3,38.4,
Morning Consult,8/7/22,8/9/22,10500,rv,45,42,
Fox News/Beacon Research/Shaw & Co. Research,8/6/22,8/9/22,1002,rv,41,41,
Morning Consult,8/6/22,8/8/22,10871,rv,46,42,
The Bullfinch Group,8/5/22,8/8/22,1208,a,44,42,
The Bullfinch Group,8/5/22,8/8/22,1008,rv,45,44,
Morning Consult,8/5/22,8/7/22,2005,rv,44,43,
LÃ©ger,8/5/22,8/7/22,1002,a,35,31,
Morning Consult,8/5/22,8/7/22,10595,rv,45,42,
Zogby Interactive/JZ Analytics,8/4/22,8/6/22,891,lv,44.8,44.3,
Morning Consult,8/4/22,8/6/22,10408,rv,46,42,
Morning Consult,8/3/22,8/5/22,10122,rv,45,42,
IBD/TIPP,8/2/22,8/4/22,1182,rv,46,46,
Morning Consult,8/2/22,8/4/22,10137,rv,45,42,
Rasmussen Reports/Pulse Opinion Research,7/31/22,8/4/22,2500,lv,43,46,
Morning Consult,8/1/22,8/3/22,10267,rv,45,43,
Ipsos,8/1/22,8/2/22,,rv,39,36,
Ipsos,8/1/22,8/2/22,1004,a,35,33,
Data for Progress,8/1/22,8/2/22,1377,lv,44,48,
Morning Consult,7/31/22,8/2/22,10810,rv,45,43,
YouGov,7/30/22,8/2/22,1325,rv,44,38.7,
Ipsos,7/21/22,8/1/22,884,lv,38,40,
Opinion Savvy/InsiderAdvantage,7/31/22,8/1/22,800,lv,44,45,
Morning Consult,7/30/22,8/1/22,10979,rv,45,42,
YouGov,7/28/22,8/1/22,1557,a,39,32,
YouGov,7/28/22,8/1/22,1153,rv,45,39,
Monmouth University,7/28/22,8/1/22,808,a,50,43,
Monmouth University,7/28/22,8/1/22,751,rv,49,46,
Ipsos,7/21/22,8/1/22,1538,a,30,30,
Morning Consult,7/29/22,7/31/22,2006,rv,45,43,
Morning Consult,7/29/22,7/31/22,10658,rv,45,42,
Morning Consult,7/28/22,7/30/22,10146,rv,46,42,
YouGov,7/27/22,7/29/22,1537,lv,43,45,
Big Village/Opinion Research Corporation,7/27/22,7/29/22,1014,a,41.7,37.5,
Big Village/Opinion Research Corporation,7/27/22,7/29/22,823,rv,45.9,42.3,
Morning Consult,7/27/22,7/29/22,10314,rv,46,42,
Harris Insights & Analytics,7/27/22,7/28/22,1885,rv,50,50,
OnMessage Inc.,7/26/22,7/28/22,800,lv,44,45,
Morning Consult,7/26/22,7/28/22,10577,rv,46,41,
Rasmussen Reports/Pulse Opinion Research,7/24/22,7/28/22,2500,lv,41,46,
Morning Consult,7/25/22,7/27/22,10926,rv,45,42,
Morning Consult,7/24/22,7/26/22,11158,rv,45,42,
YouGov,7/23/22,7/26/22,1311,rv,43.6,38.3,
Morning Consult,7/23/22,7/25/22,11141,rv,45,42,
Suffolk University,7/22/22,7/25/22,1000,rv,44.3,40.1,
Data for Progress,7/13/22,7/25/22,6772,lv,45,48,
The Winston Group,7/23/22,7/24/22,1000,rv,47,41,
Morning Consult,7/22/22,7/24/22,2006,rv,45,41,
NewsNation,7/22/22,7/24/22,1000,rv,43.73,42.52,
Morning Consult,7/22/22,7/24/22,10767,rv,45,42,
McLaughlin & Associates,7/21/22,7/24/22,1000,lv,43,48.2,
Morning Consult,7/21/22,7/23/22,10354,rv,44,42,
Trafalgar Group,7/20/22,7/22/22,1085,lv,40.2,48.3,
Morning Consult,7/20/22,7/22/22,10271,rv,45,42,
Morning Consult,7/19/22,7/21/22,10487,rv,45,42,
Rasmussen Reports/Pulse Opinion Research,7/17/22,7/21/22,2500,lv,39,49,
Emerson College,7/19/22,7/20/22,1078,rv,43.7,44.7,
Cygnal,7/18/22,7/20/22,5841,lv,46.7,47.3,
Morning Consult,7/18/22,7/20/22,10763,rv,45,42,
Georgetown University (Battleground),7/16/22,7/20/22,800,rv,48,46,
Morning Consult,7/17/22,7/19/22,11109,rv,45,42,
YouGov,7/16/22,7/19/22,1278,rv,42.6,40.1,
Morning Consult,7/16/22,7/18/22,11189,rv,45,42,
Echelon Insights,7/15/22,7/18/22,1022,lv,48,44,
Echelon Insights,7/15/22,7/18/22,1022,rv,49,42,
Quinnipiac University,7/14/22,7/18/22,1523,a,43,44,
Quinnipiac University,7/14/22,7/18/22,1367,rv,45,44,
Morning Consult,7/15/22,7/17/22,2005,rv,45,41,
Morning Consult,7/15/22,7/17/22,10578,rv,45,42,
Morning Consult,7/14/22,7/16/22,10168,rv,45,42,
GQR Research (GQRR),7/8/22,7/16/22,1000,rv,50,48,
Big Village/Opinion Research Corporation,7/13/22,7/15/22,1008,a,39.3,38,
Big Village/Opinion Research Corporation,7/13/22,7/15/22,851,rv,44.5,40.7,
Morning Consult,7/13/22,7/15/22,9936,rv,45,42,
Morning Consult,7/12/22,7/14/22,10409,rv,45,42,
Rasmussen Reports/Pulse Opinion Research,7/10/22,7/14/22,2500,lv,39,47,
Morning Consult,7/11/22,7/13/22,10391,rv,45,42,
Fox News/Beacon Research/Shaw & Co. Research,7/10/22,7/13/22,1001,rv,41,44,
SSRS,6/13/22,7/13/22,1203,rv,46,46,
Morning Consult,7/10/22,7/12/22,10821,rv,45,42,
YouGov,7/9/22,7/11/22,1304,rv,43,39.6,
Morning Consult,7/9/22,7/11/22,10712,rv,45,42,
YouGov,7/8/22,7/11/22,1672,a,37,32,
YouGov,7/8/22,7/11/22,1262,rv,43,39,
Morning Consult,7/8/22,7/10/22,2005,rv,46,42,
Morning Consult,7/8/22,7/10/22,11151,rv,45,42,
NBC News/The Wall Street Journal,7/7/22,7/10/22,,rv,42,44,
Axis Research,7/5/22,7/10/22,1219,lv,46,41,
Morning Consult,7/7/22,7/9/22,11163,rv,45,42,
Morning Consult,7/6/22,7/8/22,11515,rv,45,42,
Rasmussen Reports/Pulse Opinion Research,7/5/22,7/7/22,2000,lv,40,48,
Siena College/The New York Times Upshot,7/5/22,7/7/22,849,rv,41,40,
Siena College/The New York Times Upshot,7/5/22,7/7/22,849,lv,43,44,
OnMessage Inc.,7/5/22,7/7/22,800,lv,42,47,
Morning Consult,7/5/22,7/7/22,12161,rv,45,42,
Ipsos,7/5/22,7/6/22,1003,a,34,35,
Opinion Savvy/InsiderAdvantage,7/5/22,7/6/22,825,lv,42,50,
Morning Consult,7/4/22,7/6/22,12945,rv,45,42,
PureSpectrum,6/8/22,7/6/22,24414,a,52,48,
Ipsos,6/27/22,7/5/22,887,lv,39,38,
Morning Consult,7/3/22,7/5/22,13605,rv,45,42,
YouGov,7/2/22,7/5/22,1343,rv,42.5,40.4,
Data for Progress,7/1/22,7/5/22,1353,lv,45,46,
Ipsos,6/27/22,7/5/22,1549,a,29,29,
Morning Consult,7/2/22,7/4/22,13429,rv,45,42,
Big Village/Opinion Research Corporation,7/1/22,7/3/22,1008,a,40.5,36.3,
Big Village/Opinion Research Corporation,7/1/22,7/3/22,827,rv,47.4,41.6,
Morning Consult,7/1/22,7/3/22,12508,rv,46,42,
Morning Consult,6/30/22,7/2/22,11619,rv,45,41,
Morning Consult,6/29/22,7/1/22,11128,rv,45,42,
Center Street PAC,6/30/22,6/30/22,1084,rv,41,45,
Center Street PAC,6/30/22,6/30/22,547,lv,41,49,
Harris Insights & Analytics,6/29/22,6/30/22,1311,rv,50,50,
Morning Consult,6/28/22,6/30/22,11370,rv,45,42,
Rasmussen Reports/Pulse Opinion Research,6/26/22,6/30/22,2500,lv,42,47,
Emerson College,6/28/22,6/29/22,1271,rv,43.3,45.7,
Morning Consult,6/27/22,6/29/22,11802,rv,45,42,
Morning Consult,6/26/22,6/28/22,12498,rv,45,42,
YouGov,6/25/22,6/28/22,776,rv,40,45,
"Cor Services, Inc.",6/25/22,6/27/22,518,lv,42,46,
Morning Consult,6/25/22,6/27/22,12652,rv,45,42,
YouGov,6/24/22,6/27/22,1237,rv,45,38,
YouGov,6/24/22,6/27/22,1630,a,39,32,
Monmouth University,6/23/22,6/27/22,978,a,47,47,
Monmouth University,6/23/22,6/27/22,910,rv,46,48,
Public Opinion Strategies,6/22/22,6/27/22,1000,rv,42,39,
Morning Consult,6/24/22,6/26/22,12130,rv,44,42,
Marist College,6/24/22,6/25/22,868,rv,48,41,
Morning Consult,6/24/22,6/25/22,2005,rv,45,42,
Morning Consult,6/23/22,6/25/22,11503,rv,44,42,
Morning Consult,6/22/22,6/24/22,11267,rv,44,43,
Echelon Insights,6/17/22,6/24/22,2031,rv,45,46,
Morning Consult,6/21/22,6/23/22,11782,rv,44,43,
Trafalgar Group,6/20/22,6/23/22,1079,lv,39.8,49.4,
Rasmussen Reports/Pulse Opinion Research,6/19/22,6/23/22,2500,lv,40,48,
Morning Consult,6/20/22,6/22/22,12180,rv,44,43,
McLaughlin & Associates,6/17/22,6/22/22,1000,lv,44,48,
NewsNation,6/20/22,6/21/22,1006,rv,42.58,42.76,
Morning Consult,6/19/22,6/21/22,13077,rv,44,43,
YouGov,6/17/22,6/21/22,770,rv,41,45,
Morning Consult,6/18/22,6/20/22,13506,rv,44,42,
Echelon Insights,6/17/22,6/20/22,1030,lv,47,46,
Echelon Insights,6/17/22,6/20/22,1030,rv,47,45,
Morning Consult,6/17/22,6/20/22,2004,rv,42,42,
OnMessage Inc.,6/17/22,6/19/22,800,lv,43,47,
Morning Consult,6/17/22,6/19/22,11952,rv,44,42,
Cygnal,6/16/22,6/18/22,5753,lv,44.7,48.9,
Morning Consult,6/16/22,6/18/22,9812,rv,44,42,
Big Village/Opinion Research Corporation,6/15/22,6/17/22,1012,a,38.8,36.9,
Big Village/Opinion Research Corporation,6/15/22,6/17/22,836,rv,43.6,42.2,
Morning Consult,6/15/22,6/17/22,7947,rv,44,42,
Morning Consult,6/14/22,6/16/22,8728,rv,44,42,
Rasmussen Reports/Pulse Opinion Research,6/12/22,6/16/22,2500,lv,41,46,
Morning Consult,6/13/22,6/15/22,9619,rv,44,42,
Suffolk University,6/12/22,6/15/22,1000,rv,40,39.5,
Morning Consult,6/12/22,6/14/22,11179,rv,44,42,
YouGov,6/11/22,6/14/22,749,rv,42,46,
Morning Consult,6/11/22,6/13/22,11169,rv,44,42,
Fox News/Beacon Research/Shaw & Co. Research,6/10/22,6/13/22,1002,rv,44,47,
YouGov,6/10/22,6/13/22,1541,a,38,34,
YouGov,6/10/22,6/13/22,1246,rv,43,39,
GQR Research (GQRR),6/4/22,6/12/22,1000,rv,47,49,
Morning Consult,6/10/22,6/12/22,2005,rv,44,42,
Morning Consult,6/10/22,6/12/22,9997,rv,44,42,
Morning Consult,6/9/22,6/11/22,9332,rv,43,42,
Morning Consult,6/8/22,6/10/22,9161,rv,43,42,
Morning Consult,6/7/22,6/9/22,10087,rv,43,42,
Rasmussen Reports/Pulse Opinion Research,6/5/22,6/9/22,2500,lv,39,48,
ALG Research,6/2/22,6/9/22,2000,lv,47,44,
Morning Consult,6/6/22,6/8/22,9966,rv,44,42,
Ipsos,6/6/22,6/7/22,1005,a,39,37,
Morning Consult,6/5/22,6/7/22,10453,rv,44,43,
YouGov,6/4/22,6/7/22,821,rv,43,45,
Global Strategy Group,6/1/22,6/7/22,1000,lv,45,47,
Ipsos,5/26/22,6/6/22,711,lv,35,42,
Morning Consult,6/4/22,6/6/22,10507,rv,44,43,
Quinnipiac University,6/3/22,6/6/22,1576,a,40,44,
Quinnipiac University,6/3/22,6/6/22,1413,rv,41,46,
Ipsos,5/26/22,6/6/22,1691,a,27,29,
Morning Consult,6/4/22,6/5/22,2006,rv,42,42,
Morning Consult,6/3/22,6/5/22,10527,rv,44,43,
Morning Consult,6/2/22,6/4/22,10631,rv,44,42,
Big Village/Opinion Research Corporation,6/1/22,6/3/22,1004,a,37.4,38,
Big Village/Opinion Research Corporation,6/1/22,6/3/22,822,rv,43,43.8,
Morning Consult,6/1/22,6/3/22,10989,rv,44,43,
Morning Consult,5/31/22,6/2/22,11847,rv,44,43,
Rasmussen Reports/Pulse Opinion Research,5/29/22,6/2/22,2500,lv,40,48,
Morning Consult,5/30/22,6/1/22,12394,rv,44,42,
Morning Consult,5/29/22,5/31/22,13228,rv,44,42,
YouGov,5/28/22,5/31/22,776,rv,43,43,
Morning Consult,5/28/22,5/30/22,13249,rv,43,42,
Morning Consult,5/27/22,5/29/22,12522,rv,43,43,
Morning Consult,5/26/22,5/28/22,12058,rv,43,42,
Morning Consult,5/25/22,5/27/22,11966,rv,43,42,
The Winston Group,5/25/22,5/26/22,1000,rv,44,45,
Morning Consult,5/24/22,5/26/22,12406,rv,43,42,
Rasmussen Reports/Pulse Opinion Research,5/22/22,5/26/22,2500,lv,41,47,
Emerson College,5/24/22,5/25/22,1148,rv,42.3,45.2,
Morning Consult,5/23/22,5/25/22,12466,rv,43,43,
Morning Consult,5/22/22,5/24/22,12867,rv,44,43,
YouGov,5/21/22,5/24/22,908,rv,41,45,
Morning Consult,5/21/22,5/23/22,12738,rv,44,43,
Echelon Insights,5/20/22,5/23/22,1020,rv,46,43,
Echelon Insights,5/20/22,5/23/22,1020,lv,45,45,
Morning Consult,5/20/22,5/22/22,2005,rv,45,41,
Morning Consult,5/20/22,5/22/22,11578,rv,44,42,
YouGov,5/19/22,5/22/22,1369,rv,42,38,
YouGov,5/19/22,5/22/22,1573,a,38,36,
Morning Consult,5/19/22,5/21/22,10614,rv,44,42,
Big Village/Opinion Research Corporation,5/18/22,5/20/22,1011,a,37.3,37.6,
Big Village/Opinion Research Corporation,5/18/22,5/20/22,825,rv,42.9,43.2,
Morning Consult,5/18/22,5/20/22,9659,rv,44,42,
NewsNation,5/18/22,5/19/22,1009,rv,41.15,43.27,
Harris Insights & Analytics,5/18/22,5/19/22,1963,rv,49,51,
Morning Consult,5/17/22,5/19/22,9985,rv,44,42,
Rasmussen Reports/Pulse Opinion Research,5/15/22,5/19/22,2500,lv,39,48,
Morning Consult,5/16/22,5/18/22,10299,rv,44,42,
YouGov,5/15/22,5/17/22,952,rv,43,40,
Morning Consult,5/15/22,5/17/22,11726,rv,44,42,
Morning Consult,5/14/22,5/16/22,12394,rv,44,42,
Morning Consult,5/13/22,5/16/22,2005,rv,44,42,
The Bullfinch Group,5/12/22,5/16/22,1200,a,42,41,
The Bullfinch Group,5/12/22,5/16/22,1000,rv,44,42,
Quinnipiac University,5/12/22,5/16/22,1586,a,42,47,
Quinnipiac University,5/12/22,5/16/22,1421,rv,43,47,
Cygnal,5/13/22,5/15/22,5765,lv,45.1,47.8,
Morning Consult,5/13/22,5/15/22,11495,rv,44,42,
Morning Consult,5/12/22,5/14/22,10484,rv,43,42,
McLaughlin & Associates,5/9/22,5/14/22,2000,lv,42,47,
Morning Consult,5/11/22,5/13/22,9851,rv,43,42,
Marist College,5/9/22,5/13/22,1213,rv,47,42,
Morning Consult,5/10/22,5/12/22,10501,rv,43,42,
Morning Consult,5/9/22,5/11/22,10606,rv,44,42,
YouGov,5/8/22,5/10/22,1361,rv,51,49,
Morning Consult,5/8/22,5/10/22,11741,rv,44,42,
NBC News/The Wall Street Journal,5/5/22,5/10/22,790,rv,46,46,
Morning Consult,5/7/22,5/9/22,12073,rv,43,42,
Morning Consult,5/6/22,5/9/22,2005,rv,44,42,
Monmouth University,5/5/22,5/9/22,807,a,44,48,
Monmouth University,5/5/22,5/9/22,751,rv,43,50,
YouGov,5/5/22,5/9/22,1000,a,44,38,
Morning Consult,5/6/22,5/8/22,11290,rv,43,42,
Morning Consult,5/5/22,5/7/22,10453,rv,43,42,
OnMessage Inc.,5/4/22,5/6/22,800,lv,44,45,
Big Village/Opinion Research Corporation,5/4/22,5/6/22,1008,a,39.2,36.8,
Big Village/Opinion Research Corporation,5/4/22,5/6/22,833,rv,45.3,42,
IBD/TIPP,5/4/22,5/6/22,1043,rv,42,43,
Morning Consult,5/4/22,5/6/22,10570,rv,44,41,
YouGov,5/3/22,5/6/22,1215,rv,43,39,
YouGov,5/3/22,5/6/22,1577,a,37,33,
Ipsos,4/27/22,5/5/22,1065,lv,38,40,
SSRS,5/3/22,5/5/22,645,rv,42,49,
Morning Consult,5/3/22,5/5/22,11561,rv,43,42,
Ipsos,4/27/22,5/5/22,2006,a,27,29,
Morning Consult,5/2/22,5/4/22,12128,rv,43,42,
Morning Consult,5/3/22,5/3/22,1955,rv,43,43,
Morning Consult,5/1/22,5/3/22,12700,rv,43,42,
YouGov,4/30/22,5/3/22,1303,rv,53,47,
Morning Consult,4/30/22,5/2/22,13015,rv,43,42,
Morning Consult,4/29/22,5/2/22,2000,rv,43,43,
Morning Consult,4/29/22,5/1/22,11846,rv,42,42,
Fox News/Beacon Research/Shaw & Co. Research,4/28/22,5/1/22,1003,rv,39,46,
SSRS,4/28/22,5/1/22,806,rv,44,45,
Morning Consult,4/28/22,4/30/22,11046,rv,42,42,
Morning Consult,4/27/22,4/29/22,10632,rv,42,42,
The Winston Group,4/26/22,4/28/22,1000,rv,44,45,
Morning Consult,4/26/22,4/28/22,11794,rv,43,42,
ABC News/The Washington Post,4/24/22,4/28/22,907,rv,46,45,
YouGov,4/26/22,4/27/22,1331,rv,42.1,39.3,
Morning Consult,4/25/22,4/27/22,12324,rv,43,42,
Susquehanna Polling & Research Inc.,4/19/22,4/27/22,800,lv,39,49,
Emerson College,4/25/22,4/26/22,1000,rv,40.6,46.8,
Morning Consult,4/24/22,4/26/22,13345,rv,43,42,
McLaughlin & Associates,4/22/22,4/26/22,1000,lv,43,48,
Marist College,4/19/22,4/26/22,1162,rv,44,47,
Morning Consult,4/23/22,4/25/22,13626,rv,42,42,
Morning Consult,4/22/22,4/25/22,2004,rv,43,42,
Quinnipiac University,4/21/22,4/25/22,1554,a,40,44,
Quinnipiac University,4/21/22,4/25/22,1409,rv,42,45,
Morning Consult,4/22/22,4/24/22,13082,rv,42,42,
Opinion Savvy/InsiderAdvantage,4/21/22,4/23/22,750,lv,39,51,
Morning Consult,4/21/22,4/23/22,12261,rv,42,42,
Morning Consult,4/20/22,4/23/22,4410,a,42,36,
Big Village/Opinion Research Corporation,4/20/22,4/22/22,1005,a,37,37.1,
Big Village/Opinion Research Corporation,4/20/22,4/22/22,817,rv,44.2,42.2,
Morning Consult,4/20/22,4/22/22,11699,rv,43,42,
YouGov,4/19/22,4/22/22,1605,a,37,34,
YouGov,4/19/22,4/22/22,1187,rv,44,40,
Harris Insights & Analytics,4/20/22,4/21/22,1966,rv,50,50,
Morning Consult,4/19/22,4/21/22,12208,rv,42,42,
Trafalgar Group,4/18/22,4/20/22,1077,lv,39.4,48.1,
Echelon Insights,4/18/22,4/20/22,1001,lv,45,47,
Echelon Insights,4/18/22,4/20/22,1001,rv,46,46,
Morning Consult,4/18/22,4/20/22,12944,rv,42,43,
Morning Consult,4/17/22,4/19/22,14034,rv,42,42,
YouGov,4/16/22,4/19/22,1258,rv,42.7,38.2,
NewsNation,4/17/22,4/18/22,1038,rv,39.7,40.7,
Morning Consult,4/16/22,4/18/22,14079,rv,42,42,
Cygnal,4/15/22,4/18/22,5846,lv,45,47.4,
Public Opinion Strategies,4/12/22,4/18/22,1500,rv,49,51,
Morning Consult,4/15/22,4/17/22,2005,rv,43,42,
Morning Consult,4/15/22,4/17/22,13223,rv,42,42,
Morning Consult,4/14/22,4/16/22,12135,rv,42,43,
Morning Consult,4/13/22,4/15/22,11726,rv,42,43,
Morning Consult,4/12/22,4/14/22,11904,rv,43,42,
Rasmussen Reports/Pulse Opinion Research,4/10/22,4/14/22,2500,lv,39,47,
Morning Consult,4/11/22,4/13/22,12177,rv,43,42,
Morning Consult,4/10/22,4/12/22,12977,rv,43,42,
YouGov,4/9/22,4/12/22,1303,rv,41.6,39.2,
Morning Consult,4/9/22,4/11/22,13094,rv,43,42,
Morning Consult,4/8/22,4/11/22,2005,rv,40,43,
Morning Consult,4/8/22,4/10/22,12405,rv,43,42,
Morning Consult,4/7/22,4/9/22,11069,rv,43,42,
Big Village/Opinion Research Corporation,4/6/22,4/8/22,1013,a,40.7,35.9,
Big Village/Opinion Research Corporation,4/6/22,4/8/22,814,rv,44,43.1,
Morning Consult,4/6/22,4/8/22,10591,rv,42,42,
Morning Consult,4/5/22,4/7/22,11964,rv,42,43,
Morning Consult,4/4/22,4/6/22,13325,rv,43,43,
Morning Consult,4/3/22,4/5/22,15235,rv,43,43,
YouGov,4/2/22,4/5/22,1287,rv,41.9,37.7,
Morning Consult,4/2/22,4/4/22,14848,rv,44,43,
Morning Consult,4/1/22,4/4/22,2003,rv,43,43,
YouGov,3/31/22,4/4/22,1618,a,36,34,
YouGov,3/31/22,4/4/22,1233,rv,44,41,
Quinnipiac University,3/31/22,4/4/22,1436,a,43,44,
Quinnipiac University,3/31/22,4/4/22,1280,rv,43,47,
Morning Consult,4/1/22,4/3/22,13957,rv,44,43,
Morning Consult,3/31/22,4/2/22,13479,rv,43,42,
Morning Consult,3/30/22,4/1/22,13845,rv,42,42,
OnMessage Inc.,3/29/22,3/31/22,800,lv,43,46,
Morning Consult,3/29/22,3/31/22,14742,rv,43,42,
Morning Consult,3/28/22,3/30/22,14966,rv,42,43,
Morning Consult,3/27/22,3/29/22,15693,rv,43,43,
YouGov,3/26/22,3/29/22,1313,rv,40.7,38.6,
Morning Consult,3/26/22,3/28/22,15557,rv,43,43,
Morning Consult,3/25/22,3/27/22,2006,rv,42,41,
Big Village/Opinion Research Corporation,3/25/22,3/27/22,1024,a,37.8,38.4,
Big Village/Opinion Research Corporation,3/25/22,3/27/22,839,rv,45,42.3,
Morning Consult,3/25/22,3/27/22,14813,rv,44,42,
Morning Consult,3/24/22,3/26/22,13757,rv,43,43,
co/efficient,3/25/22,3/25/22,963,lv,34,40,
Morning Consult,3/23/22,3/25/22,13717,rv,43,43,
Harris Insights & Analytics,3/23/22,3/24/22,1990,rv,47,53,
Morning Consult,3/22/22,3/24/22,13974,rv,43,43,
Morning Consult,3/21/22,3/23/22,14472,rv,43,42,
NewsNation,3/21/22,3/22/22,1086,rv,39.31,40.96,
Morning Consult,3/20/22,3/22/22,15139,rv,43,42,
YouGov,3/19/22,3/22/22,1270,rv,43.1,38.7,
NBC News/The Wall Street Journal,3/18/22,3/22/22,1000,a,44,46,
McLaughlin & Associates,3/17/22,3/22/22,1000,lv,44,48,
Morning Consult,3/19/22,3/21/22,14194,rv,43,42,
Morning Consult,3/18/22,3/21/22,2005,rv,42,41,
Echelon Insights,3/18/22,3/21/22,1050,lv,45,45,
Echelon Insights,3/18/22,3/21/22,1050,rv,45,44,
Fox News/Beacon Research/Shaw & Co. Research,3/18/22,3/21/22,1004,rv,41,43,
University of Massachusetts Lowell,3/15/22,3/21/22,873,rv,42,40,
Hofstra University,3/11/22,3/21/22,2000,rv,50.63,49.28,
Emerson College,3/18/22,3/20/22,1023,rv,41.8,47.1,
Morning Consult,3/18/22,3/20/22,13140,rv,42,42,
Cygnal,3/17/22,3/19/22,5645,lv,45.9,46.7,
Morning Consult,3/17/22,3/19/22,11930,rv,43,42,
Morning Consult,3/16/22,3/18/22,12708,rv,42,42,
OnMessage Inc.,3/15/22,3/17/22,800,lv,44,47,
Morning Consult,3/15/22,3/17/22,12724,rv,43,42,
Rasmussen Reports/Pulse Opinion Research,3/13/22,3/17/22,2500,lv,39,50,
Morning Consult,3/14/22,3/16/22,13513,rv,43,42,
Morning Consult,3/13/22,3/15/22,14256,rv,43,43,
YouGov,3/12/22,3/15/22,1251,rv,39.8,40.6,
The Winston Group,3/12/22,3/14/22,1000,rv,44,45,
Morning Consult,3/12/22,3/14/22,14705,rv,43,43,
Morning Consult,3/11/22,3/14/22,2005,rv,42,43,
YouGov,3/10/22,3/14/22,1623,a,36,33,
YouGov,3/10/22,3/14/22,1225,rv,42,38,
Monmouth University,3/10/22,3/14/22,809,a,46,45,
Monmouth University,3/10/22,3/14/22,746,rv,46,46,
SocialSphere,3/6/22,3/14/22,6565,rv,40,41,
Morning Consult,3/11/22,3/13/22,13266,rv,43,42,
Pew Research Center,3/7/22,3/13/22,9021,rv,43,43,
Morning Consult,3/10/22,3/12/22,11761,rv,43,42,
Big Village/Opinion Research Corporation,3/9/22,3/11/22,1009,a,36.5,38.5,
Big Village/Opinion Research Corporation,3/9/22,3/11/22,823,rv,41.9,44.4,
Morning Consult,3/9/22,3/11/22,12018,rv,43,42,
Morning Consult,3/8/22,3/10/22,12607,rv,43,42,
Morning Consult,3/7/22,3/9/22,13756,rv,43,43,
Opinion Savvy/InsiderAdvantage,3/7/22,3/8/22,750,lv,40,48,
Morning Consult,3/6/22,3/8/22,14788,rv,43,42,
YouGov,3/5/22,3/8/22,1227,rv,44.3,38.8,
Morning Consult,3/5/22,3/7/22,14940,rv,43,42,
Fabrizio Lee & Associates/Impact Research,3/2/22,3/7/22,1500,rv,41,46,
Morning Consult,3/4/22,3/6/22,2005,rv,43,41,
Morning Consult,3/4/22,3/6/22,13816,rv,43,42,
Morning Consult,3/3/22,3/5/22,12700,rv,42,42,
Morning Consult,3/2/22,3/4/22,12643,rv,43,42,
"Cor Services, Inc.",3/1/22,3/3/22,524,lv,42,43,
Morning Consult,3/1/22,3/3/22,13693,rv,43,42,
Morning Consult,2/28/22,3/2/22,14117,rv,43,42,
Morning Consult,2/27/22,3/1/22,15622,rv,42,43,
YouGov,2/26/22,3/1/22,1205,rv,42.2,38.3,
Morning Consult,2/26/22,2/28/22,15743,rv,41,44,
Morning Consult,2/25/22,2/27/22,2004,rv,42,41,
Morning Consult,2/25/22,2/27/22,15741,rv,41,44,
YouGov,2/24/22,2/27/22,1532,a,36,33,
YouGov,2/24/22,2/27/22,1169,rv,42,39,
Morning Consult,2/24/22,2/26/22,14759,rv,41,45,
Big Village/Opinion Research Corporation,2/23/22,2/25/22,1007,a,38.5,36.7,
Big Village/Opinion Research Corporation,2/23/22,2/25/22,811,rv,44.5,41.2,
Morning Consult,2/23/22,2/25/22,14341,rv,41,45,
Harris Insights & Analytics,2/23/22,2/24/22,2026,rv,49,51,
NewsNation,2/23/22,2/24/22,1046,rv,38.92,41.94,
OnMessage Inc.,2/23/22,2/24/22,802,lv,45,43,
Morning Consult,2/22/22,2/24/22,14563,rv,41,44,
ABC News/The Washington Post,2/20/22,2/24/22,904,rv,42,49,
Morning Consult,2/21/22,2/23/22,15553,rv,42,43,
Echelon Insights,2/19/22,2/23/22,1078,rv,45,44,
The Bullfinch Group,2/19/22,2/23/22,1247,a,39,40,
The Bullfinch Group,2/19/22,2/23/22,1044,rv,41,42,
Morning Consult,2/20/22,2/22/22,16291,rv,42,43,
YouGov,2/19/22,2/22/22,1290,rv,43.9,37.6,
Fox News/Beacon Research/Shaw & Co. Research,2/19/22,2/22/22,1001,rv,45,49,
McLaughlin & Associates,2/16/22,2/22/22,1000,lv,45,47,
Morning Consult,2/19/22,2/21/22,2005,rv,45,41,
Morning Consult,2/19/22,2/21/22,15710,rv,42,43,
Emerson College,2/19/22,2/20/22,1138,rv,41.4,49.9,
Morning Consult,2/18/22,2/20/22,14447,rv,41,44,
Suffolk University,2/16/22,2/20/22,1000,rv,38.9,37.3,
Morning Consult,2/17/22,2/19/22,13417,rv,41,44,
Morning Consult,2/16/22,2/18/22,13435,rv,42,43,
Morning Consult,2/15/22,2/17/22,14215,rv,43,43,
Rasmussen Reports/Pulse Opinion Research,2/13/22,2/17/22,2500,lv,37,50,
The Winston Group,2/15/22,2/16/22,1000,rv,44,44,
Morning Consult,2/14/22,2/16/22,15269,rv,42,43,
Morning Consult,2/13/22,2/15/22,16223,rv,43,43,
YouGov,2/12/22,2/15/22,1231,rv,42.2,37.2,
Morning Consult,2/12/22,2/14/22,16039,rv,42,43,
Quinnipiac University,2/10/22,2/14/22,1321,a,43,45,
Quinnipiac University,2/10/22,2/14/22,1172,rv,44,46,
Morning Consult,2/12/22,2/13/22,2005,rv,41,43,
Morning Consult,2/11/22,2/13/22,15399,rv,42,44,
Morning Consult,2/10/22,2/12/22,14820,rv,41,44,
Big Village/Opinion Research Corporation,2/9/22,2/11/22,1007,a,39.2,35.5,
Big Village/Opinion Research Corporation,2/9/22,2/11/22,813,rv,44.5,41.5,
Morning Consult,2/9/22,2/11/22,15023,rv,41,44,
OnMessage Inc.,2/8/22,2/10/22,800,lv,42,45,
Morning Consult,2/8/22,2/10/22,15848,rv,42,43,
Morning Consult,2/7/22,2/9/22,16356,rv,42,43,
Susquehanna Polling & Research Inc.,2/3/22,2/9/22,800,lv,41,47,
Morning Consult,2/6/22,2/8/22,16946,rv,43,43,
YouGov,2/5/22,2/8/22,1255,rv,42.6,39.3,
Public Opinion Strategies,2/4/22,2/8/22,1000,rv,43,41,
Morning Consult,2/5/22,2/7/22,16947,rv,43,43,
Ipsos,1/31/22,2/7/22,4404,a,42,34,
Morning Consult,2/5/22,2/6/22,2005,rv,42,43,
Morning Consult,2/4/22,2/6/22,17164,rv,43,42,
Trafalgar Group,2/2/22,2/6/22,1073,lv,41.9,54.4,
SSRS,1/10/22,2/6/22,1257,rv,43,44,
Morning Consult,2/3/22,2/5/22,16862,rv,43,42,
Morning Consult,2/2/22,2/4/22,16438,rv,43,42,
Morning Consult,2/1/22,2/3/22,15736,rv,43,43,
Morning Consult,1/31/22,2/2/22,15986,rv,43,42,
Morning Consult,1/30/22,2/1/22,16699,rv,43,42,
YouGov,1/29/22,2/1/22,1273,rv,44,38,
Morning Consult,1/29/22,1/31/22,17403,rv,44,42,
Morning Consult,1/28/22,1/30/22,2005,rv,44,41,
Morning Consult,1/28/22,1/30/22,17010,rv,44,42,
Morning Consult,1/27/22,1/29/22,15943,rv,43,42,
Big Village/Opinion Research Corporation,1/26/22,1/28/22,1003,a,38.1,37.4,
Big Village/Opinion Research Corporation,1/26/22,1/28/22,808,rv,44.1,43.8,
Morning Consult,1/26/22,1/28/22,15560,rv,43,43,
OnMessage Inc.,1/25/22,1/27/22,800,lv,43,47,
Cygnal,1/25/22,1/27/22,5837,lv,44.8,47.1,
Morning Consult,1/25/22,1/27/22,15569,rv,42,43,
Morning Consult,1/24/22,1/26/22,16525,rv,43,43,
Morning Consult,1/23/22,1/25/22,16978,rv,43,43,
YouGov,1/22/22,1/25/22,1249,rv,42,38.5,
Morning Consult,1/22/22,1/24/22,16958,rv,43,43,
Zogby Interactive/JZ Analytics,1/21/22,1/24/22,897,lv,43.7,41.9,
Monmouth University,1/20/22,1/24/22,794,a,43,50,
Monmouth University,1/20/22,1/24/22,735,rv,43,51,
Morning Consult,1/22/22,1/23/22,2005,rv,42,42,
Opinion Savvy/InsiderAdvantage,1/21/22,1/23/22,850,lv,42,49,
Echelon Insights,1/21/22,1/23/22,1029,rv,46,41,
Morning Consult,1/21/22,1/23/22,16355,rv,43,43,
Morning Consult,1/20/22,1/22/22,15926,rv,43,43,
Morning Consult,1/19/22,1/21/22,15957,rv,43,43,
Harris Insights & Analytics,1/19/22,1/20/22,1815,rv,47,53,
Morning Consult,1/18/22,1/20/22,16303,rv,42,44,
Morning Consult,1/17/22,1/19/22,16794,rv,42,44,
Fox News/Beacon Research/Shaw & Co. Research,1/16/22,1/19/22,1001,rv,43,44,
Morning Consult,1/16/22,1/18/22,17051,rv,41,44,
YouGov,1/15/22,1/18/22,1153,rv,42.9,38.6,
NBC News/The Wall Street Journal,1/14/22,1/18/22,790,rv,47,46,
McLaughlin & Associates,1/13/22,1/18/22,1000,lv,43,48,
Morning Consult,1/15/22,1/17/22,17299,rv,41,44,
Echelon Insights,1/14/22,1/17/22,1000,rv,43,44,
Morning Consult,1/15/22,1/16/22,2005,rv,41,42,
Morning Consult,1/14/22,1/16/22,15855,rv,42,44,
Morning Consult,1/13/22,1/15/22,15066,rv,43,44,
Trafalgar Group,1/12/22,1/15/22,1077,lv,42.4,55.6,
Big Village/Opinion Research Corporation,1/12/22,1/14/22,1014,a,39.8,34.7,
Big Village/Opinion Research Corporation,1/12/22,1/14/22,831,rv,42.5,41.6,
Morning Consult,1/12/22,1/14/22,14380,rv,43,43,
Morning Consult,1/11/22,1/13/22,15247,rv,44,42,
Rasmussen Reports/Pulse Opinion Research,1/9/22,1/13/22,2500,lv,39,48,
Morning Consult,1/10/22,1/12/22,16143,rv,44,42,
Morning Consult,1/9/22,1/11/22,17191,rv,44,42,
YouGov,1/8/22,1/11/22,1258,rv,42.4,37.2,
NewsNation,1/10/22,1/10/22,1013,rv,39.7,45.2,
Morning Consult,1/8/22,1/10/22,17859,rv,44,42,
Quinnipiac University,1/7/22,1/10/22,1313,a,42,43,
Quinnipiac University,1/7/22,1/10/22,1178,rv,43,44,
Morning Consult,1/8/22,1/9/22,2000,rv,44,41,
Morning Consult,1/7/22,1/9/22,17656,rv,44,42,
Morning Consult,1/6/22,1/8/22,17491,rv,44,42,
Morning Consult,1/5/22,1/7/22,17674,rv,44,42,
Morning Consult,1/4/22,1/6/22,18263,rv,44,42,
Morning Consult,1/3/22,1/5/22,18487,rv,43,42,
RMG Research,1/3/22,1/4/22,1200,rv,40,42,
YouGov,1/2/22,1/4/22,1201,rv,42.3,37.8,
The Winston Group,1/2/22,1/4/22,1000,rv,44,46,
Morning Consult,1/2/22,1/4/22,18465,rv,43,42,
Morning Consult,1/1/22,1/3/22,18491,rv,43,42,
Morning Consult,12/31/21,1/2/22,18516,rv,43,42,
Morning Consult,12/30/21,1/1/22,18445,rv,43,42,
Morning Consult,12/29/21,12/31/21,18358,rv,43,42,
Morning Consult,12/28/21,12/30/21,18615,rv,43,42,
Suffolk University,12/27/21,12/30/21,1000,rv,38.5,37.3,
Morning Consult,12/27/21,12/29/21,19030,rv,43,43,
Morning Consult,12/26/21,12/28/21,19295,rv,43,43,
Morning Consult,12/25/21,12/27/21,19373,rv,44,42,
Morning Consult,12/24/21,12/26/21,19260,rv,43,42,
Morning Consult,12/23/21,12/25/21,17702,rv,44,42,
Morning Consult,12/22/21,12/24/21,16094,rv,44,42,
Morning Consult,12/21/21,12/23/21,14530,rv,44,42,
Zogby Interactive/JZ Analytics,12/21/21,12/22/21,1311,lv,42.5,42.8,
Morning Consult,12/20/21,12/22/21,14451,rv,44,42,
YouGov,12/19/21,12/21/21,1315,rv,43,36,
Morning Consult,12/19/21,12/21/21,15680,rv,44,42,
Morning Consult,12/18/21,12/20/21,1998,rv,41,41,
Morning Consult,12/18/21,12/20/21,14809,rv,44,42,
Change Research,12/17/21,12/20/21,1895,rv,45,44,
YouGov,12/14/21,12/20/21,1000,a,42,37,
YouGov,12/14/21,12/20/21,900,rv,42,40,
Opinion Savvy/InsiderAdvantage,12/17/21,12/19/21,750,rv,43,48,
Morning Consult,12/17/21,12/19/21,13569,rv,44,42,
Morning Consult,12/16/21,12/18/21,11733,rv,44,41,
John Zogby Strategies/EMI Research Solutions,12/17/21,12/17/21,777,lv,43.5,39.6,
Morning Consult,12/15/21,12/17/21,12021,rv,44,42,
Ipsos,12/13/21,12/17/21,4407,a,40,33,
Morning Consult,12/14/21,12/16/21,13198,rv,44,42,
Morning Consult,12/13/21,12/15/21,14695,rv,44,42,
YouGov,12/12/21,12/14/21,1267,rv,42,38,
Morning Consult,12/12/21,12/14/21,16771,rv,44,42,
Fox News/Beacon Research/Shaw & Co. Research,12/11/21,12/14/21,1002,rv,39,43,
Rasmussen Reports/Pulse Opinion Research,12/8/21,12/14/21,2500,lv,39,48,
Morning Consult,12/11/21,12/13/21,1998,rv,43,42,
Morning Consult,12/11/21,12/13/21,16525,rv,44,42,
Echelon Insights,12/9/21,12/13/21,1020,rv,47,45,
YouGov,12/9/21,12/13/21,1558,a,39,31,
YouGov,12/9/21,12/13/21,1163,rv,44,35,
Morning Consult,12/10/21,12/12/21,15592,rv,44,42,
Morning Consult,12/9/21,12/11/21,13901,rv,44,42,
RMG Research,12/8/21,12/11/21,1200,rv,38,44,
Morning Consult,12/8/21,12/10/21,14260,rv,44,43,
Morning Consult,12/7/21,12/9/21,14575,rv,44,42,
Schoen Cooperman Research,12/2/21,12/9/21,800,lv,45,48,
Morning Consult,12/6/21,12/8/21,15798,rv,44,42,
Morning Consult,12/5/21,12/7/21,17480,rv,44,42,
YouGov,12/4/21,12/7/21,1265,rv,42,39,
Morning Consult,12/4/21,12/6/21,17376,rv,44,41,
Morning Consult,12/4/21,12/6/21,17376,rv,44,42,
Morning Consult,12/3/21,12/5/21,15845,rv,44,42,
Morning Consult,12/2/21,12/4/21,14243,rv,44,41,
NBC News/The Wall Street Journal,12/1/21,12/4/21,800,a,34,44,
Morning Consult,12/1/21,12/3/21,14327,rv,44,41,
Harris Insights & Analytics,11/30/21,12/2/21,1989,rv,50,50,
Morning Consult,11/30/21,12/2/21,15946,rv,44,42,
"Cor Services, Inc.",11/29/21,12/1/21,523,lv,37,45,
Morning Consult,11/29/21,12/1/21,17439,rv,43,42,
RMG Research,11/29/21,11/30/21,1200,rv,35,38,
Morning Consult,11/28/21,11/30/21,18748,rv,43,42,
YouGov,11/27/21,11/30/21,1272,rv,42,37,
Morning Consult,11/27/21,11/29/21,19346,rv,44,42,
Morning Consult,11/26/21,11/28/21,19573,rv,44,42,
Morning Consult,11/25/21,11/27/21,18804,rv,44,42,
Morning Consult,11/24/21,11/26/21,16989,rv,44,42,
Morning Consult,11/23/21,11/25/21,15009,rv,44,42,
Morning Consult,11/22/21,11/24/21,15258,rv,43,42,
Morning Consult,11/21/21,11/23/21,16948,rv,44,42,
YouGov,11/20/21,11/23/21,1249,rv,40,40,
Morning Consult,11/20/21,11/22/21,17606,rv,44,42,
Fabrizio Lee & Associates/Impact Research,11/16/21,11/22/21,1500,rv,41,44,
Morning Consult,11/19/21,11/21/21,15967,rv,44,42,
Public Opinion Strategies,11/18/21,11/21/21,1000,rv,42,40,
Morning Consult,11/18/21,11/20/21,15506,rv,43,42,
YouGov,11/17/21,11/19/21,1696,a,38,32,
YouGov,11/17/21,11/19/21,1307,rv,43,39,
Morning Consult,11/17/21,11/19/21,15183,rv,42,43,
Marist College,11/16/21,11/19/21,969,rv,46,41,
Morning Consult,11/16/21,11/18/21,15988,rv,42,43,
Echelon Insights,11/12/21,11/18/21,1013,rv,46,44,
Echelon Insights,11/12/21,11/18/21,839,lv,49,44,
Morning Consult,11/15/21,11/17/21,17080,rv,44,42,
YouGov,11/14/21,11/16/21,1299,rv,42,38,
Morning Consult,11/14/21,11/16/21,15907,rv,44,42,
McLaughlin & Associates,11/11/21,11/16/21,1000,lv,44,48,
Morning Consult,11/13/21,11/15/21,1998,rv,43,43,
Morning Consult,11/13/21,11/15/21,16502,rv,44,42,
Quinnipiac University,11/11/21,11/15/21,1378,a,38,46,
Quinnipiac University,11/11/21,11/15/21,1262,rv,41,46,
Morning Consult,11/12/21,11/14/21,14961,rv,44,42,
Morning Consult,11/11/21,11/13/21,16094,rv,43,42,
Morning Consult,11/10/21,11/12/21,15018,rv,43,42,
Morning Consult,11/9/21,11/11/21,14766,rv,44,42,
Rasmussen Reports/Pulse Opinion Research,11/8/21,11/11/21,2500,lv,38,51,
Morning Consult,11/8/21,11/10/21,15476,rv,44,43,
ABC News/The Washington Post,11/7/21,11/10/21,1001,a,43,46,
ABC News/The Washington Post,11/7/21,11/10/21,882,rv,41,51,
Morning Consult,11/7/21,11/9/21,16901,rv,44,43,
YouGov,11/6/21,11/9/21,1258,rv,44,37,
Susquehanna Polling & Research Inc.,11/1/21,11/9/21,800,lv,32,29,
Morning Consult,11/6/21,11/8/21,17282,rv,44,43,
YouGov,11/4/21,11/8/21,1673,a,36,33,
Morning Consult,11/5/21,11/7/21,1998,rv,44,42,
Morning Consult,11/5/21,11/7/21,16544,rv,44,42,
Morning Consult,11/4/21,11/6/21,16316,rv,44,43,
Suffolk University,11/3/21,11/5/21,1000,rv,37.7,45.9,
Morning Consult,11/3/21,11/5/21,16218,rv,44,43,
Emerson College,11/3/21,11/4/21,1000,rv,42,48.7,
Morning Consult,11/2/21,11/4/21,16905,rv,43,43,
SSRS,11/1/21,11/4/21,1004,a,50,40,
SSRS,11/1/21,11/4/21,859,rv,49,44,
Morning Consult,11/1/21,11/3/21,16969,rv,43,43,
Morning Consult,10/31/21,11/2/21,17494,rv,43,43,
YouGov,10/30/21,11/2/21,1303,rv,44,37,
Morning Consult,10/30/21,11/1/21,17406,rv,43,43,
Morning Consult,10/29/21,11/1/21,1996,rv,42,42,
Morning Consult,10/29/21,10/31/21,17153,rv,43,42,
RMG Research,10/28/21,10/30/21,1200,rv,40,41,
Morning Consult,10/28/21,10/30/21,16906,rv,44,42,
Morning Consult,10/27/21,10/29/21,16893,rv,44,42,
Harris Insights & Analytics,10/27/21,10/28/21,1688,rv,42,45,
Morning Consult,10/26/21,10/28/21,16957,rv,44,42,
Morning Consult,10/25/21,10/27/21,17136,rv,44,41,
YouGov,10/24/21,10/26/21,1261,rv,44,38,
Morning Consult,10/24/21,10/26/21,17907,rv,43,42,
NBC News/The Wall Street Journal,10/23/21,10/26/21,820,rv,47,45,
Echelon Insights,10/20/21,10/26/21,1600,rv,43,43,
Morning Consult,10/23/21,10/25/21,17571,rv,43,42,
Morning Consult,10/22/21,10/24/21,1999,rv,44,42,
Morning Consult,10/22/21,10/24/21,16426,rv,43,42,
Morning Consult,10/21/21,10/23/21,15561,rv,43,42,
Morning Consult,10/20/21,10/22/21,14883,rv,44,42,
Marist College,10/18/21,10/22/21,1032,rv,44,41,
YouGov,10/19/21,10/21/21,1704,a,37,32,
Morning Consult,10/19/21,10/21/21,15647,rv,44,42,
Morning Consult,10/18/21,10/20/21,15720,rv,44,42,
Morning Consult,10/17/21,10/19/21,16309,rv,44,42,
YouGov,10/16/21,10/19/21,1268,rv,42,37,
Echelon Insights,10/15/21,10/19/21,1098,rv,46,42,
Echelon Insights,10/15/21,10/19/21,915,lv,46,45,
Morning Consult,10/16/21,10/18/21,1998,rv,45,40,
Morning Consult,10/16/21,10/18/21,16207,rv,43,42,
McLaughlin & Associates,10/14/21,10/18/21,1000,lv,47,48,
Morning Consult,10/15/21,10/17/21,15542,rv,43,43,
NBC News/The Wall Street Journal,10/14/21,10/17/21,800,a,43,41,
Morning Consult,10/14/21,10/16/21,15534,rv,43,42,
Morning Consult,10/13/21,10/15/21,15433,rv,44,42,
"Cor Services, Inc.",10/12/21,10/14/21,508,lv,39,49,
Morning Consult,10/12/21,10/14/21,16137,rv,44,42,
RMG Research,10/11/21,10/13/21,1200,rv,40,41,
Morning Consult,10/11/21,10/13/21,16304,rv,44,42,
Morning Consult,10/10/21,10/12/21,16484,rv,44,42,
YouGov,10/9/21,10/12/21,1266,rv,45,37,
RMG Research,10/10/21,10/11/21,1200,rv,40,40,
Morning Consult,10/9/21,10/11/21,16018,rv,44,42,
Morning Consult,10/8/21,10/11/21,1999,rv,43,41,
Morning Consult,10/8/21,10/10/21,15226,rv,44,42,
Morning Consult,10/7/21,10/9/21,14959,rv,44,42,
RMG Research,10/6/21,10/9/21,1200,rv,40,41,
Morning Consult,10/6/21,10/8/21,15507,rv,43,42,
Morning Consult,10/5/21,10/7/21,15822,rv,43,42,
Morning Consult,10/4/21,10/6/21,16287,rv,43,42,
YouGov,10/3/21,10/5/21,1261,rv,43,36,
Morning Consult,10/3/21,10/5/21,16542,rv,44,42,
Morning Consult,10/2/21,10/4/21,1998,rv,43,42,
Morning Consult,10/2/21,10/4/21,15925,rv,44,42,
Quinnipiac University,10/1/21,10/4/21,1326,a,43,46,
Quinnipiac University,10/1/21,10/4/21,1177,rv,44,47,
YouGov,10/1/21,10/4/21,1640,a,37,31,
Morning Consult,10/1/21,10/3/21,14987,rv,44,42,
Morning Consult,9/30/21,10/2/21,14969,rv,44,42,
Morning Consult,9/29/21,10/1/21,15934,rv,44,42,
Morning Consult,9/28/21,9/30/21,17060,rv,44,42,
Morning Consult,9/27/21,9/29/21,17574,rv,44,42,
Public Religion Research Institute,9/16/21,9/29/21,2508,a,37,29,
YouGov,9/26/21,9/28/21,1246,rv,52,48,
Morning Consult,9/26/21,9/28/21,18617,rv,44,41,
Morning Consult,9/25/21,9/27/21,18392,rv,44,41,
Morning Consult,9/24/21,9/27/21,1999,rv,45,41,
Morning Consult,9/24/21,9/26/21,17006,rv,44,41,
Marist College,9/20/21,9/26/21,1029,rv,46,38,
Morning Consult,9/23/21,9/25/21,16419,rv,44,42,
Lake Research Partners/Emerson College,9/22/21,9/24/21,1000,rv,45,41,
Morning Consult,9/22/21,9/24/21,16478,rv,44,41,
Morning Consult,9/21/21,9/23/21,17142,rv,44,41,
Echelon Insights,9/17/21,9/23/21,1005,rv,47,40,
Echelon Insights,9/17/21,9/23/21,829,lv,50,40,
RMG Research,9/22/21,9/22/21,1200,rv,41,40,
Morning Consult,9/20/21,9/22/21,16999,rv,44,41,
Morning Consult,9/19/21,9/21/21,16710,rv,44,41,
YouGov,9/18/21,9/21/21,1281,rv,52,48,
Morning Consult,9/18/21,9/20/21,1998,rv,44,40,
Morning Consult,9/18/21,9/20/21,16482,rv,44,41,
Morning Consult,9/17/21,9/19/21,15726,rv,44,41,
Pew Research Center,9/13/21,9/19/21,10371,a,45,40,
Morning Consult,9/16/21,9/18/21,15757,rv,44,41,
Morning Consult,9/15/21,9/17/21,16175,rv,44,41,
Morning Consult,9/14/21,9/16/21,16765,rv,44,41,
Morning Consult,9/13/21,9/15/21,17092,rv,44,42,
Morning Consult,9/12/21,9/14/21,17140,rv,44,41,
McLaughlin & Associates,9/9/21,9/14/21,1000,lv,46,47,
Morning Consult,9/11/21,9/13/21,17140,rv,44,41,
Morning Consult,9/10/21,9/13/21,1997,rv,43,39,
Quinnipiac University,9/10/21,9/13/21,1210,a,45,42,
Quinnipiac University,9/10/21,9/13/21,1079,rv,47,43,
YouGov,9/10/21,9/13/21,1153,rv,43,37,
Morning Consult,9/10/21,9/12/21,16763,rv,44,41,
RMG Research,9/10/21,9/11/21,1200,rv,40,40,
Morning Consult,9/9/21,9/11/21,16623,rv,44,42,
Morning Consult,9/8/21,9/10/21,17239,rv,44,41,
Morning Consult,9/7/21,9/9/21,17890,rv,44,41,
Morning Consult,9/6/21,9/8/21,18645,rv,44,42,
The Winston Group,9/4/21,9/8/21,1000,rv,46,43,
Public Opinion Strategies,9/1/21,9/8/21,800,rv,42,42,
Morning Consult,9/5/21,9/7/21,18918,rv,44,42,
YouGov,9/4/21,9/7/21,1158,rv,43,37,
SSRS,8/3/21,9/7/21,2119,a,45,40,
SSRS,8/3/21,9/7/21,1838,rv,45,44,
Morning Consult,9/4/21,9/6/21,17395,rv,43,42,
Morning Consult,9/3/21,9/5/21,15986,rv,43,42,
Morning Consult,9/2/21,9/4/21,15166,rv,43,41,
Morning Consult,9/1/21,9/3/21,16115,rv,43,41,
Morning Consult,8/31/21,9/2/21,17221,rv,44,41,
Change Research,8/30/21,9/2/21,1775,rv,46,45,
Change Research,8/30/21,9/2/21,1571,lv,49,45,
Morning Consult,8/30/21,9/1/21,17911,rv,44,41,
Morning Consult,8/29/21,8/31/21,17884,rv,44,42,
YouGov,8/28/21,8/31/21,1171,rv,45,38,
Morning Consult,8/28/21,8/30/21,16442,rv,44,41,
Morning Consult,8/27/21,8/29/21,15559,rv,44,41,
RMG Research,8/26/21,8/29/21,1200,rv,40,40,
Morning Consult,8/26/21,8/28/21,15555,rv,44,41,
Morning Consult,8/25/21,8/27/21,16542,rv,44,41,
Morning Consult,8/24/21,8/26/21,16973,rv,44,41,
Morning Consult,8/23/21,8/25/21,17347,rv,44,41,
Morning Consult,8/22/21,8/24/21,17649,rv,44,41,
YouGov,8/21/21,8/24/21,1162,rv,44,37,
Morning Consult,8/21/21,8/23/21,17027,rv,44,41,
Morning Consult,8/20/21,8/22/21,15545,rv,44,42,
Morning Consult,8/19/21,8/21/21,14899,rv,44,42,
Morning Consult,8/18/21,8/20/21,14759,rv,44,41,
Morning Consult,8/17/21,8/19/21,16120,rv,44,41,
Morning Consult,8/16/21,8/18/21,16428,rv,44,41,
Echelon Insights,8/13/21,8/18/21,1016,rv,50,40,
Susquehanna Polling & Research Inc.,8/12/21,8/18/21,800,lv,38,39,
Schoen Cooperman Research,8/10/21,8/18/21,750,lv,46,48,
Morning Consult,8/15/21,8/17/21,17203,rv,45,41,
YouGov,8/14/21,8/17/21,1159,rv,43,38,
NBC News/The Wall Street Journal,8/14/21,8/17/21,790,rv,47,46,
Ipsos,8/16/21,8/16/21,947,a,40,37,
Morning Consult,8/14/21,8/16/21,16553,rv,45,41,
Morning Consult,8/13/21,8/15/21,16350,rv,45,41,
Morning Consult,8/12/21,8/14/21,15849,rv,45,41,
Morning Consult,8/11/21,8/13/21,16441,rv,45,41,
Morning Consult,8/10/21,8/12/21,16529,rv,45,41,
Morning Consult,8/9/21,8/11/21,16637,rv,45,41,
Morning Consult,8/8/21,8/10/21,14793,rv,44,42,
YouGov,8/7/21,8/10/21,2306,rv,45,37,
Morning Consult,8/7/21,8/9/21,12962,rv,44,41,
Morning Consult,8/6/21,8/8/21,12779,rv,44,41,
RMG Research,8/5/21,8/7/21,1200,rv,42,40,
Morning Consult,8/5/21,8/7/21,14042,rv,45,41,
Morning Consult,8/4/21,8/6/21,15364,rv,44,41,
Morning Consult,8/3/21,8/5/21,15667,rv,44,42,
Morning Consult,8/2/21,8/4/21,15928,rv,44,42,
Morning Consult,8/1/21,8/3/21,16160,rv,44,42,
YouGov,7/31/21,8/3/21,1174,rv,45,37,
McLaughlin & Associates,7/29/21,8/3/21,1000,lv,46,48,
Morning Consult,7/31/21,8/2/21,15574,rv,44,41,
Quinnipiac University,7/27/21,8/2/21,1290,a,45,42,
Quinnipiac University,7/27/21,8/2/21,1145,rv,45,44,
Morning Consult,7/30/21,8/1/21,14883,rv,44,41,
Morning Consult,7/29/21,7/31/21,14607,rv,44,41,
Morning Consult,7/28/21,7/30/21,14723,rv,44,41,
Morning Consult,7/27/21,7/29/21,15113,rv,44,41,
Morning Consult,7/26/21,7/28/21,15369,rv,44,41,
WPA Intelligence (WPAi),7/20/21,7/28/21,1000,rv,44,42,
Morning Consult,7/25/21,7/27/21,15347,rv,44,42,
YouGov,7/24/21,7/27/21,1178,rv,43,36,
Morning Consult,7/24/21,7/26/21,14975,rv,44,42,
Morning Consult,7/23/21,7/25/21,14085,rv,44,41,
RMG Research,7/22/21,7/24/21,1200,rv,41,38,
Morning Consult,7/22/21,7/24/21,13512,rv,44,41,
Morning Consult,7/21/21,7/23/21,13759,rv,44,41,
Echelon Insights,7/19/21,7/23/21,1143,rv,48,41,
Morning Consult,7/20/21,7/22/21,14155,rv,44,41,
Morning Consult,7/19/21,7/21/21,13670,rv,44,41,
Morning Consult,7/18/21,7/20/21,12564,rv,44,41,
YouGov,7/17/21,7/20/21,1187,rv,44,35,
Morning Consult,7/17/21,7/19/21,12243,rv,44,41,
Morning Consult,7/16/21,7/18/21,12468,rv,44,41,
Morning Consult,7/15/21,7/17/21,13650,rv,44,41,
Morning Consult,7/14/21,7/16/21,14307,rv,44,41,
Morning Consult,7/13/21,7/15/21,15554,rv,44,41,
Morning Consult,7/12/21,7/14/21,15383,rv,45,41,
Morning Consult,7/11/21,7/13/21,15438,rv,45,41,
YouGov,7/10/21,7/13/21,1159,rv,44,37,
Morning Consult,7/10/21,7/12/21,14325,rv,45,41,
Morning Consult,7/9/21,7/11/21,14019,rv,45,41,
Morning Consult,7/8/21,7/10/21,13950,rv,44,41,
Morning Consult,7/7/21,7/9/21,14032,rv,44,41,
PEM Management Corporation,7/8/21,7/8/21,1000,lv,41.7,42.1,
Morning Consult,7/6/21,7/8/21,14869,rv,44,40,
Morning Consult,7/5/21,7/7/21,15187,rv,44,41,
Morning Consult,7/4/21,7/6/21,15893,rv,44,41,
YouGov,7/3/21,7/6/21,1176,rv,43,37,
Morning Consult,7/3/21,7/5/21,15027,rv,44,41,
Morning Consult,7/2/21,7/4/21,14419,rv,44,41,
Morning Consult,7/1/21,7/3/21,13888,rv,44,41,
Morning Consult,6/30/21,7/2/21,14909,rv,44,42,
Morning Consult,6/29/21,7/1/21,15223,rv,44,42,
Morning Consult,6/28/21,6/30/21,15855,rv,44,41,
Morning Consult,6/27/21,6/29/21,15209,rv,44,41,
YouGov,6/26/21,6/29/21,1198,rv,44,36,
Morning Consult,6/26/21,6/28/21,14124,rv,44,41,
Morning Consult,6/25/21,6/27/21,12802,rv,45,41,
Morning Consult,6/24/21,6/26/21,12259,rv,44,41,
Morning Consult,6/23/21,6/25/21,13185,rv,44,42,
RMG Research,6/22/21,6/24/21,1200,rv,41,38,
Morning Consult,6/22/21,6/24/21,13669,rv,43,42,
Morning Consult,6/21/21,6/23/21,13940,rv,44,42,
Morning Consult,6/20/21,6/22/21,13540,rv,44,42,
YouGov,6/19/21,6/22/21,1157,rv,44,37,
Echelon Insights,6/18/21,6/22/21,1001,rv,46,42,
Morning Consult,6/19/21,6/21/21,12932,rv,44,42,
GQR Research (GQRR),6/14/21,6/21/21,2000,rv,46,44,
Morning Consult,6/18/21,6/20/21,11992,rv,44,42,
McLaughlin & Associates,6/16/21,6/20/21,1000,lv,46,47,
Morning Consult,6/17/21,6/19/21,11596,rv,44,41,
Morning Consult,6/16/21,6/18/21,12357,rv,44,41,
Morning Consult,6/15/21,6/17/21,12745,rv,44,41,
Ipsos,6/11/21,6/17/21,4420,a,37,30,
Morning Consult,6/14/21,6/16/21,13250,rv,43,41,
Morning Consult,6/13/21,6/15/21,13534,rv,43,42,
YouGov,6/12/21,6/15/21,1196,rv,41,34,
Morning Consult,6/12/21,6/14/21,13788,rv,44,42,
Morning Consult,6/11/21,6/13/21,13445,rv,44,41,
Morning Consult,6/10/21,6/12/21,12782,rv,44,41,
Morning Consult,6/9/21,6/11/21,12915,rv,44,41,
Morning Consult,6/8/21,6/10/21,13145,rv,44,42,
The Winston Group,6/7/21,6/10/21,1000,rv,46,42,
Morning Consult,6/7/21,6/9/21,14062,rv,43,42,
Morning Consult,6/6/21,6/8/21,14689,rv,44,42,
YouGov,6/5/21,6/8/21,1189,rv,46,37,
ALG Research,6/2/21,6/8/21,1000,lv,46,46,
Morning Consult,6/5/21,6/7/21,14596,rv,43,41,
Morning Consult,6/4/21,6/6/21,14244,rv,43,41,
Morning Consult,6/3/21,6/5/21,13437,rv,43,41,
"Cor Services, Inc.",6/2/21,6/5/21,519,lv,41,37,
Morning Consult,6/2/21,6/4/21,13868,rv,43,41,
Morning Consult,6/1/21,6/3/21,14463,rv,44,41,
Morning Consult,5/31/21,6/2/21,15610,rv,44,41,
Morning Consult,5/30/21,6/1/21,16099,rv,44,41,
YouGov,5/29/21,6/1/21,1187,rv,43,35,
Morning Consult,5/29/21,5/31/21,15607,rv,44,41,
Morning Consult,5/28/21,5/30/21,14755,rv,44,42,
Morning Consult,5/27/21,5/29/21,13909,rv,44,41,
Morning Consult,5/26/21,5/28/21,13724,rv,44,42,
Morning Consult,5/25/21,5/27/21,13909,rv,44,42,
Morning Consult,5/24/21,5/26/21,14440,rv,44,41,
Morning Consult,5/23/21,5/25/21,14703,rv,44,41,
YouGov,5/22/21,5/25/21,1135,rv,46,37,
ALG Research/Hart Research Associates,5/20/21,5/25/21,805,rv,39,37,
Morning Consult,5/22/21,5/24/21,14148,rv,44,41,
Quinnipiac University,5/18/21,5/24/21,1316,a,49,40,
Quinnipiac University,5/18/21,5/24/21,1174,rv,50,41,
Morning Consult,5/21/21,5/23/21,13971,rv,44,41,
Morning Consult,5/20/21,5/22/21,14364,rv,43,41,
Morning Consult,5/19/21,5/21/21,15303,rv,43,41,
Morning Consult,5/18/21,5/20/21,15453,rv,43,42,
Morning Consult,5/17/21,5/19/21,15023,rv,43,42,
Morning Consult,5/16/21,5/18/21,14954,rv,44,41,
YouGov,5/15/21,5/18/21,1141,rv,47,38,
McLaughlin & Associates,5/12/21,5/18/21,1000,lv,46,47,
Morning Consult,5/15/21,5/17/21,14500,rv,44,41,
Echelon Insights,5/14/21,5/17/21,1132,rv,50,40,
Morning Consult,5/14/21,5/16/21,13904,rv,44,41,
Morning Consult,5/13/21,5/15/21,13395,rv,43,41,
Morning Consult,5/12/21,5/14/21,13923,rv,43,42,
Morning Consult,5/11/21,5/13/21,14268,rv,43,42,
Morning Consult,5/10/21,5/12/21,14581,rv,43,41,
Morning Consult,5/9/21,5/11/21,14391,rv,44,41,
YouGov,5/8/21,5/11/21,1138,rv,45,39,
Morning Consult,5/8/21,5/10/21,13676,rv,44,41,
Redfield & Wilton Strategies,5/8/21,5/9/21,1500,rv,41,36,
Redfield & Wilton Strategies,5/8/21,5/9/21,1189,lv,44,37,
Morning Consult,5/7/21,5/9/21,13324,rv,45,41,
Cygnal,5/5/21,5/9/21,1030,a,43.9,41.4,
RMG Research,5/6/21,5/8/21,1000,rv,41,40,
Morning Consult,5/6/21,5/8/21,13407,rv,44,41,
Morning Consult,5/5/21,5/7/21,13755,rv,44,41,
Morning Consult,5/4/21,5/6/21,13534,rv,44,41,
Morning Consult,5/3/21,5/5/21,12338,rv,44,41,
Morning Consult,5/2/21,5/4/21,13049,rv,44,41,
Morning Consult,5/1/21,5/3/21,13286,rv,44,41,
Morning Consult,4/30/21,5/2/21,12945,rv,44,41,
Morning Consult,4/29/21,5/1/21,12884,rv,44,41,
Morning Consult,4/28/21,4/30/21,12503,rv,44,41,
Morning Consult,4/27/21,4/29/21,12856,rv,44,41,
Morning Consult,4/26/21,4/28/21,12661,rv,43,41,
Morning Consult,4/25/21,4/27/21,13804,rv,43,41,
YouGov,4/24/21,4/27/21,1138,rv,43,38,
Morning Consult,4/24/21,4/26/21,14804,rv,44,41,
Morning Consult,4/23/21,4/25/21,13939,rv,44,41,
Morning Consult,4/22/21,4/24/21,12290,rv,44,41,
YouGov,4/21/21,4/23/21,1000,a,45,38,
Morning Consult,4/21/21,4/23/21,10988,rv,43,41,
Echelon Insights,4/16/21,4/23/21,1043,rv,46,42,
Morning Consult,4/20/21,4/22/21,10356,rv,43,41,
Morning Consult,4/19/21,4/21/21,10473,rv,43,42,
Morning Consult,4/18/21,4/20/21,11663,rv,43,41,
YouGov,4/17/21,4/20/21,1168,rv,45,37,
NBC News/The Wall Street Journal,4/17/21,4/20/21,790,rv,47,42,
Change Research,4/15/21,4/20/21,1025,rv,48,43,
Morning Consult,4/17/21,4/19/21,11973,rv,43,41,
Morning Consult,4/16/21,4/18/21,11528,rv,44,41,
RMG Research,4/15/21,4/17/21,1200,rv,43,39,
Morning Consult,4/15/21,4/17/21,11220,rv,44,41,
Morning Consult,4/14/21,4/16/21,10855,rv,44,41,
Ipsos,4/12/21,4/16/21,4423,a,39,31,
Morning Consult,4/13/21,4/15/21,10660,rv,43,41,
Morning Consult,4/12/21,4/14/21,8645,rv,43,41,
Morning Consult,4/11/21,4/13/21,9686,rv,43,41,
McLaughlin & Associates,4/8/21,4/13/21,1000,lv,46,46.4,
Morning Consult,4/10/21,4/12/21,10410,rv,44,42,
Morning Consult,4/9/21,4/11/21,11286,rv,44,42,
The Winston Group,4/7/21,4/11/21,1000,rv,45,41,
Morning Consult,4/8/21,4/10/21,10455,rv,44,42,
Morning Consult,4/7/21,4/9/21,10142,rv,44,41,
Morning Consult,4/6/21,4/8/21,11161,rv,44,40,
Morning Consult,4/5/21,4/7/21,12070,rv,44,40,
PEM Management Corporation,4/3/21,4/7/21,1000,lv,39.8,42.7,
Morning Consult,4/4/21,4/6/21,13727,rv,44,41,
Morning Consult,4/3/21,4/5/21,13900,rv,44,41,
Morning Consult,4/2/21,4/4/21,13597,rv,44,41,
Morning Consult,4/1/21,4/3/21,12400,rv,44,41,
Morning Consult,3/31/21,4/2/21,12465,rv,44,41,
Morning Consult,3/30/21,4/1/21,12632,rv,43,41,
Morning Consult,3/29/21,3/31/21,12337,rv,44,41,
Morning Consult,3/28/21,3/30/21,12460,rv,44,41,
Morning Consult,3/27/21,3/29/21,12176,rv,44,41,
Morning Consult,3/26/21,3/28/21,12000,rv,44,41,
Morning Consult,3/25/21,3/27/21,11153,rv,44,41,
Morning Consult,3/24/21,3/26/21,10918,rv,44,41,
Morning Consult,3/23/21,3/25/21,10020,rv,44,41,
Morning Consult,3/22/21,3/24/21,9265,rv,44,41,
Morning Consult,3/21/21,3/23/21,9274,rv,44,41,
Morning Consult,3/20/21,3/22/21,10170,rv,45,41,
Morning Consult,3/19/21,3/21/21,10150,rv,44,41,
Echelon Insights,3/15/21,3/21/21,1008,rv,46,42,
Morning Consult,3/18/21,3/20/21,10142,rv,44,40,
Morning Consult,3/17/21,3/19/21,10329,rv,44,40,
Morning Consult,3/16/21,3/18/21,11162,rv,44,40,
Morning Consult,3/15/21,3/17/21,11448,rv,45,40,
Morning Consult,3/14/21,3/16/21,12968,rv,45,41,
Morning Consult,3/13/21,3/15/21,13400,rv,45,41,
Morning Consult,3/12/21,3/14/21,13018,rv,45,41,
Morning Consult,3/11/21,3/13/21,11602,rv,45,41,
Morning Consult,3/10/21,3/12/21,11158,rv,45,41,
Morning Consult,3/9/21,3/11/21,11821,rv,45,41,
Morning Consult,3/8/21,3/10/21,12090,rv,45,41,
Morning Consult,3/7/21,3/9/21,13677,rv,45,41,
Morning Consult,3/6/21,3/8/21,13701,rv,45,41,
Morning Consult,3/5/21,3/7/21,12631,rv,44,41,
Morning Consult,3/4/21,3/6/21,11291,rv,44,42,
Morning Consult,3/3/21,3/5/21,10984,rv,44,41,
Morning Consult,3/2/21,3/4/21,12296,rv,44,41,
Morning Consult,3/1/21,3/3/21,12209,rv,44,41,
Morning Consult,2/28/21,3/2/21,13534,rv,45,41,
Morning Consult,2/27/21,3/1/21,13816,rv,45,41,
LÃ©ger,2/26/21,2/28/21,1002,a,39,31,
Morning Consult,2/26/21,2/28/21,13831,rv,45,41,
McLaughlin & Associates,2/24/21,2/28/21,1000,lv,46,46,
Morning Consult,2/25/21,2/27/21,12437,rv,44,41,
Morning Consult,2/24/21,2/26/21,11923,rv,44,41,
Morning Consult,2/23/21,2/25/21,11741,rv,44,41,
NRSC,2/22/21,2/25/21,1200,lv,39,38,
Morning Consult,2/22/21,2/24/21,11559,rv,44,41,
Morning Consult,2/21/21,2/23/21,12503,rv,44,41,
GQR Research (GQRR),2/18/21,2/23/21,1000,rv,48,42,
GQR Research (GQRR),2/18/21,2/23/21,1000,rv,48,42,
GQR Research (GQRR),2/18/21,2/23/21,1000,rv,47,43,
Morning Consult,2/20/21,2/22/21,13182,rv,44,41,
Morning Consult,2/19/21,2/21/21,13504,rv,44,41,
Morning Consult,2/18/21,2/20/21,12907,rv,45,40,
Morning Consult,2/17/21,2/19/21,12952,rv,45,40,
Morning Consult,2/16/21,2/18/21,13371,rv,45,41,
Echelon Insights,2/12/21,2/18/21,1005,rv,44,44,
Morning Consult,2/15/21,2/17/21,13794,rv,45,41,
Morning Consult,2/14/21,2/16/21,14401,rv,45,41,
Morning Consult,2/13/21,2/15/21,14263,rv,45,41,
Morning Consult,2/12/21,2/14/21,13339,rv,45,40,
Morning Consult,2/11/21,2/13/21,12565,rv,45,40,
Morning Consult,2/10/21,2/12/21,12426,rv,45,40,
Morning Consult,2/9/21,2/11/21,13241,rv,44,41,
Morning Consult,2/8/21,2/10/21,13269,rv,44,41,
Morning Consult,2/7/21,2/9/21,14276,rv,44,41,
Morning Consult,2/6/21,2/8/21,14202,rv,44,41,
Morning Consult,2/5/21,2/7/21,13649,rv,44,41,
Morning Consult,2/4/21,2/6/21,12644,rv,45,41,
Morning Consult,2/3/21,2/5/21,11742,rv,45,41,
Morning Consult,2/2/21,2/4/21,12781,rv,45,41,
Morning Consult,2/1/21,2/3/21,12887,rv,45,41,
Morning Consult,1/31/21,2/2/21,14080,rv,45,41,
Morning Consult,1/30/21,2/1/21,14184,rv,45,41,
Morning Consult,1/29/21,1/31/21,14343,rv,45,41,
Morning Consult,1/28/21,1/30/21,14196,rv,45,40,
Morning Consult,1/27/21,1/29/21,13818,rv,44,40,
Morning Consult,1/26/21,1/28/21,14245,rv,45,40,
Morning Consult,1/25/21,1/27/21,14390,rv,44,40,
Morning Consult,1/24/21,1/26/21,14159,rv,45,40,
Morning Consult,1/23/21,1/25/21,13334,rv,45,40,
Morning Consult,1/22/21,1/24/21,11402,rv,45,41,
Morning Consult,1/21/21,1/23/21,10764,rv,45,40,
Morning Consult,1/20/21,1/22/21,10989,rv,45,41,
McLaughlin & Associates,12/9/20,12/13/20,1000,lv,46,48,
McLaughlin & Associates,11/21/20,11/23/20,1000,lv,45,47,