POLLSTER,STATE,START,END,SAMPLE,POPULATION,DEM1,DEM1PCT,REP1,REP1PCT,OTHER1,OTHER1PCT,DEM2,DEM2PCT,DEM3,DEM3PCT,REP2,REP2PCT,REP3,REP3PCT
Trafalgar Group,AZ,11/5/22,11/7/22,1094,lv,Mark Kelly,46.7,Blake Masters,48.2,,,,,,,,,,
Targoz Market Research,AZ,11/2/22,11/6/22,560,lv,Mark Kelly,50,Blake Masters,47,,,,,,,,,,
Targoz Market Research,PA,11/2/22,11/6/22,904,rv,John Fetterman,47,Mehmet Oz,41,,,,,,,,,,
Targoz Market Research,PA,11/2/22,11/6/22,631,lv,John Fetterman,46,Mehmet Oz,51,,,,,,,,,,
Targoz Market Research,OH,11/2/22,11/6/22,814,rv,Tim Ryan,43,J.D. Vance,44,,,,,,,,,,
Targoz Market Research,OH,11/2/22,11/6/22,505,lv,Tim Ryan,45,J.D. Vance,52,,,,,,,,,,
Targoz Market Research,GA,11/2/22,11/6/22,579,lv,Raphael Warnock,47,Herschel Junior Walker,49,,,,,,,,,,
Targoz Market Research,GA,11/2/22,11/6/22,810,rv,Raphael Warnock,46,Herschel Junior Walker,41,,,,,,,,,,
Targoz Market Research,AZ,11/2/22,11/6/22,809,rv,Mark Kelly,46,Blake Masters,43,,,,,,,,,,
co/efficient,CO,11/3/22,11/7/22,856,lv,Michael Bennet,51,Joe O'Dea,43,,,,,,,,,,
Data for Progress,GA,11/2/22,11/6/22,1474,lv,Raphael Warnock,48,Herschel Junior Walker,49,,,,,,,,,,
Data for Progress,AZ,11/2/22,11/6/22,1359,lv,Mark Kelly,49,Blake Masters,50,,,,,,,,,,
Patriot Polling,PA,11/2/22,11/5/22,846,rv,John Fetterman,46.1,Mehmet Oz,49.4,,,,,,,,,,
Data for Progress,CO,11/2/22,11/5/22,1983,lv,Michael Bennet,51,Joe O'Dea,44,,,,,,,,,,
Data for Progress,OH,11/2/22,11/5/22,1413,lv,Tim Ryan,45,J.D. Vance,55,,,,,,,,,,
Data for Progress,FL,11/2/22,11/6/22,1436,lv,Val Demings,43,Marco Rubio,55,,,,,,,,,,
Data for Progress,NV,11/2/22,11/6/22,1100,lv,Catherine Cortez Masto,47,Adam Paul Laxalt,49,,,,,,,,,,
Data for Progress,WI,11/2/22,11/5/22,1504,lv,Mandela Barnes,47,Ron Johnson,53,,,,,,,,,,
Data for Progress,NH,11/2/22,11/5/22,1995,lv,Maggie Hassan,50,Donald C. Bolduc,47,,,,,,,,,,
Data for Progress,OR,11/1/22,11/6/22,1393,lv,Ron Wyden,56,Jo Rae Perkins,42,,,,,,,,,,
Civiqs,WI,11/4/22,11/7/22,739,lv,Mandela Barnes,49,Ron Johnson,50,,,,,,,,,,
Civiqs,OH,11/4/22,11/7/22,716,lv,Tim Ryan,46,J.D. Vance,51,,,,,,,,,,
Civiqs,IN,11/4/22,11/7/22,707,lv,Thomas McDermott,38,Todd Young,49,,,,,,,,,,
Civiqs,MO,11/4/22,11/7/22,746,lv,Trudy Busch Valentine,40,Eric Schmitt,55,,,,,,,,,,
Data for Progress,NC,11/2/22,11/6/22,1322,lv,Cheri Beasley,45,Ted Budd,51,,,,,,,,,,
Ascend Action,OK,11/5/22,11/6/22,682,lv,Madison Horn,36,James Lankford,56,,,,,,,,,,
Ascend Action,OKS,11/5/22,11/6/22,682,lv,Kendra Horn,41,Markwayne Mullin,53,,,,,,,,,,
Moore Information,WA,11/3/22,11/5/22,500,lv,Patty Murray,47,Tiffany Smiley,47.4,,,,,,,,,,
Landmark Communications,GA,11/4/22,11/7/22,1214,lv,Raphael Warnock,46.4,Herschel Junior Walker,46.8,,,,,,,,,,
Data Orbital,AZ,11/4/22,11/6/22,550,lv,Mark Kelly,48.2,Blake Masters,46.5,,,,,,,,,,
Opinion Savvy/InsiderAdvantage,GA,11/6/22,11/6/22,550,lv,Raphael Warnock,47,Herschel Junior Walker,49,,,,,,,,,,
Trafalgar Group,GA,11/4/22,11/6/22,1103,lv,Raphael Warnock,46.5,Herschel Junior Walker,49.7,,,,,,,,,,
Research Co.,WI,11/4/22,11/6/22,450,lv,Mandela Barnes,47,Ron Johnson,53,,,,,,,,,,
Research Co.,AZ,11/4/22,11/6/22,450,lv,Mark Kelly,51,Blake Masters,47,,,,,,,,,,
Research Co.,CA,11/4/22,11/6/22,450,lv,Alex Padilla,53,Mark P. Meuser,37,,,,,,,,,,
Research Co.,CA,11/4/22,11/6/22,450,lv,Alex Padilla,53,Mark P. Meuser,37,,,,,,,,,,
Research Co.,FL,11/4/22,11/6/22,450,lv,Val Demings,44,Marco Rubio,54,,,,,,,,,,
Research Co.,GA,11/4/22,11/6/22,450,lv,Raphael Warnock,49,Herschel Junior Walker,49,,,,,,,,,,
Research Co.,IL,11/4/22,11/6/22,450,lv,Tammy Duckworth,58,Kathy Salvi,40,,,,,,,,,,
Research Co.,NV,11/4/22,11/6/22,450,lv,Catherine Cortez Masto,48,Adam Paul Laxalt,49,,,,,,,,,,
Research Co.,NY,11/4/22,11/6/22,450,lv,Charles E. Schumer,59,Joe Pinion,39,,,,,,,,,,
Research Co.,OH,11/4/22,11/6/22,450,lv,Tim Ryan,46,J.D. Vance,54,,,,,,,,,,
Research Co.,PA,11/4/22,11/6/22,450,lv,John Fetterman,49,Mehmet Oz,48,,,,,,,,,,
Phillips Academy,NH,11/5/22,11/6/22,1056,lv,Maggie Hassan,48.3,Donald C. Bolduc,44.7,,,,,,,,,,
ActiVote,NY,8/8/22,11/6/22,279,lv,Charles E. Schumer,60,Joe Pinion,40,,,,,,,,,,
Trafalgar Group,NC,11/4/22,11/6/22,1098,lv,Cheri Beasley,44.8,Ted Budd,51.2,,,,,,,,,,
University of New Hampshire,NH,11/2/22,11/6/22,2077,lv,Maggie Hassan,50,Donald C. Bolduc,48,,,,,,,,,,
East Carolina University,GA,11/2/22,11/5/22,1077,lv,Raphael Warnock,48.9,Herschel Junior Walker,48.9,,,,,,,,,,
Opinion Savvy/InsiderAdvantage,NH,11/5/22,11/5/22,700,lv,Maggie Hassan,49.4,Donald C. Bolduc,47.6,,,,,,,,,,
Trafalgar Group,OH,11/3/22,11/5/22,1123,lv,Tim Ryan,43.5,J.D. Vance,53.9,,,,,,,,,,
Wick,NH,11/2/22,11/5/22,725,lv,Maggie Hassan,48.3,Donald C. Bolduc,48.4,,,,,,,,,,
Opinion Savvy/InsiderAdvantage,NV,11/4/22,11/4/22,550,lv,Catherine Cortez Masto,43.8,Adam Paul Laxalt,49.8,,,,,,,,,,
Trafalgar Group,WI,11/2/22,11/4/22,1095,lv,Mandela Barnes,47.4,Ron Johnson,50.1,,,,,,,,,,
Selzer & Co. ,IA,10/31/22,11/3/22,801,lv,Michael Franken,41,Chuck Grassley,53,,,,,,,,,,
East Carolina University,NC,11/1/22,11/3/22,1183,lv,Cheri Beasley,47,Ted Budd,51.9,,,,,,,,,,
The Polling Company Inc.,AZ,11/2/22,11/3/22,501,lv,Mark Kelly,47,Blake Masters,46,,,,,,,,,,
The Polling Company Inc.,NV,11/2/22,11/3/22,501,lv,Catherine Cortez Masto,45,Adam Paul Laxalt,44,,,,,,,,,,
Cygnal,OH,11/1/22,11/3/22,1498,lv,Tim Ryan,43.1,J.D. Vance,49.3,,,,,,,,,,
Opinion Savvy/InsiderAdvantage,PA,11/3/22,11/3/22,750,lv,John Fetterman,46,Mehmet Oz,48.3,,,,,,,,,,
Trafalgar Group,PA,11/1/22,11/3/22,1097,lv,John Fetterman,45.5,Mehmet Oz,47.7,,,,,,,,,,
ActiVote,NC,8/5/22,11/3/22,250,lv,Cheri Beasley,47,Ted Budd,48,,,,,,,,,,
Patriot Polling,AZ,10/30/22,11/2/22,814,rv,Mark Kelly,48.6,Blake Masters,47.9,,,,,,,,,,
Marist College,AZ,10/31/22,11/2/22,1157,rv,Mark Kelly,49,Blake Masters,45,,,,,,,,,,
USC Schwarzenegger Institute,CA,10/30/22,11/2/22,802,rv,Alex Padilla,63,Mark P. Meuser,37,,,,,,,,,,
Amber Integrated,FL,11/1/22,11/2/22,600,lv,Val Demings,40,Marco Rubio,49,,,,,,,,,,
Amber Integrated,GA,11/1/22,11/2/22,600,lv,Raphael Warnock,45,Herschel Junior Walker,48,,,,,,,,,,
Marist College,GA,10/31/22,11/2/22,1168,rv,Raphael Warnock,49,Herschel Junior Walker,45,,,,,,,,,,
Moore Information,GA,10/29/22,11/2/22,800,lv,Raphael Warnock,44,Herschel Junior Walker,49,,,,,,,,,,
Cygnal,NV,11/1/22,11/2/22,600,lv,Catherine Cortez Masto,43.3,Adam Paul Laxalt,45.8,,,,,,,,,,
Marist College,PA,10/31/22,11/2/22,1152,rv,John Fetterman,50,Mehmet Oz,44,,,,,,,,,,
Opinion Savvy/InsiderAdvantage,AZ,11/2/22,11/2/22,550,lv,Mark Kelly,48,Blake Masters,48,,,,,,,,,,
HighGround Inc.,AZ,11/1/22,11/2/22,500,lv,Mark Kelly,46.4,Blake Masters,45,,,,,,,,,,
SurveyUSA,GA,10/29/22,11/2/22,1171,lv,Raphael Warnock,49,Herschel Junior Walker,43,,,,,,,,,,
Remington Research Group,GA,11/1/22,11/2/22,1150,lv,Raphael Warnock,45,Herschel Junior Walker,49,,,,,,,,,,
Remington Research Group,PA,11/1/22,11/2/22,1180,lv,John Fetterman,44,Mehmet Oz,47,,,,,,,,,,
Remington Research Group,AZ,11/1/22,11/2/22,1075,lv,Mark Kelly,48,Blake Masters,47,,,,,,,,,,
Remington Research Group,NC,11/1/22,11/2/22,1140,lv,Cheri Beasley,43,Ted Budd,50,,,,,,,,,,
Remington Research Group,OH,11/1/22,11/2/22,1125,lv,Tim Ryan,43,J.D. Vance,48,,,,,,,,,,
Echelon Insights,GA,10/31/22,11/2/22,500,lv,Raphael Warnock,45,Herschel Junior Walker,49,,,,,,,,,,
Echelon Insights,GA,10/31/22,11/2/22,500,lv,Raphael Warnock,45,Herschel Junior Walker,52,,,,,,,,,,
Civiqs,AZ,10/29/22,11/2/22,852,lv,Mark Kelly,49,Blake Masters,49,,,,,,,,,,
Civiqs,FL,10/29/22,11/2/22,772,lv,Val Demings,45,Marco Rubio,52,,,,,,,,,,
Civiqs,NC,10/29/22,11/2/22,674,lv,Cheri Beasley,49,Ted Budd,49,,,,,,,,,,
Emerson College,AZ,10/30/22,11/1/22,1000,lv,Mark Kelly,47.7,Blake Masters,48.1,,,,,,,,,,
Siena College,FL,10/30/22,11/1/22,659,lv,Val Demings,43,Marco Rubio,51,,,,,,,,,,
Patinkin Research Strategies,GA,10/30/22,11/1/22,700,rv,Raphael Warnock,49,Herschel Junior Walker,45,,,,,,,,,,
Trafalgar Group,MO,10/30/22,11/1/22,1079,lv,Trudy Busch Valentine,42.3,Eric Schmitt,53.3,,,,,,,,,,
Emerson College,NH,10/30/22,11/1/22,850,lv,Maggie Hassan,50.2,Donald C. Bolduc,45.7,,,,,,,,,,
Emerson College,OH,10/30/22,11/1/22,1000,lv,Tim Ryan,43.8,J.D. Vance,52.7,,,,,,,,,,
Emerson College,OR,10/31/22,11/1/22,975,lv,Ron Wyden,50.6,Jo Rae Perkins,33.6,,,,,,,,,,
Trafalgar Group,NH,10/30/22,11/1/22,1241,lv,Maggie Hassan,45.7,Donald C. Bolduc,47,,,,,,,,,,
Trafalgar Group,CO,10/30/22,11/1/22,1084,lv,Michael Bennet,47.6,Joe O'Dea,46.1,,,,,,,,,,
Victory Insights,FL,10/30/22,11/1/22,500,lv,Val Demings,45.7,Marco Rubio,49.7,,,,,,,,,,
Opinion Savvy/InsiderAdvantage,FL,11/1/22,11/1/22,550,lv,Val Demings,45,Marco Rubio,51,,,,,,,,,,
SurveyUSA,MO,10/27/22,11/1/22,791,lv,Trudy Busch Valentine,41,Eric Schmitt,50,,,,,,,,,,
Cygnal,OH,10/29/22,11/1/22,1520,lv,Tim Ryan,44.1,J.D. Vance,48.7,,,,,,,,,,
Susquehanna Polling & Research Inc.,PA,10/28/22,11/1/22,700,lv,John Fetterman,46.6,Mehmet Oz,47.6,,,,,,,,,,
Marquette University Law School,WI,10/24/22,11/1/22,802,rv,Mandela Barnes,45,Ron Johnson,48,,,,,,,,,,
Marquette University Law School,WI,10/24/22,11/1/22,679,lv,Mandela Barnes,48,Ron Johnson,50,,,,,,,,,,
YouGov,FL,10/20/22,10/31/22,1117,rv,Val Demings,44,Marco Rubio,51,,,,,,,,,,
University of Arkansas,AR,10/13/22,10/31/22,557,lv,Natalie James,25.8,John Boozman,54.6,,,,,,,,,,
Emerson College,GA,10/28/22,10/31/22,1000,lv,Raphael Warnock,49.5,Herschel Junior Walker,47.6,,,,,,,,,,
Emerson College,PA,10/28/22,10/31/22,1000,lv,John Fetterman,47.3,Mehmet Oz,48.4,,,,,,,,,,
Siena College,WI,10/27/22,10/31/22,655,lv,Mandela Barnes,45,Ron Johnson,47,,,,,,,,,,
Emerson College,NY,10/28/22,10/31/22,1000,lv,Charles E. Schumer,57,Joe Pinion,38.5,,,,,,,,,,
Trafalgar Group,NY,10/27/22,10/31/22,1198,lv,Charles E. Schumer,50.6,Joe Pinion,40,,,,,,,,,,
Opinion Savvy/InsiderAdvantage,WA,10/31/22,10/31/22,550,lv,Patty Murray,48,Tiffany Smiley,46.4,,,,,,,,,,
Clarity Campaign Labs,WI,10/27/22,10/31/22,888,lv,Mandela Barnes,48,Ron Johnson,46,,,,,,,,,,
Fox News/Beacon Research/Shaw & Co. Research,AZ,10/26/22,10/30/22,1003,lv,Mark Kelly,47,Blake Masters,45,,,,,,,,,,
Phillips Academy,AZ,10/29/22,10/30/22,985,lv,Mark Kelly,47.2,Blake Masters,46.6,,,,,,,,,,
Center Street PAC,AZ,10/25/22,10/30/22,558,lv,Mark Kelly,55,Blake Masters,45,,,,,,,,,,
Center Street PAC,AZ,10/25/22,10/30/22,958,rv,Mark Kelly,54,Blake Masters,36,,,,,,,,,,
Wick,AZ,10/26/22,10/30/22,1122,lv,Mark Kelly,49.2,Blake Masters,46.9,,,,,,,,,,
Fox News/Beacon Research/Shaw & Co. Research,GA,10/26/22,10/30/22,1002,rv,Raphael Warnock,44,Herschel Junior Walker,43,,,,,,,,,,
Meredith College,NC,10/27/22,10/30/22,724,rv,Cheri Beasley,42.7,Ted Budd,43.9,,,,,,,,,,
Cygnal,OH,10/26/22,10/30/22,1510,lv,Tim Ryan,43.7,J.D. Vance,48.2,,,,,,,,,,
Fox News/Beacon Research/Shaw & Co. Research,PA,10/26/22,10/30/22,1005,rv,John Fetterman,45,Mehmet Oz,42,,,,,,,,,,
Suffolk University,PA,10/27/22,10/30/22,500,lv,John Fetterman,46.6,Mehmet Oz,44.8,,,,,,,,,,
Hill Research Consultants,UT,10/29/22,10/30/22,500,lv,Evan McMullin,46,Mike Lee,47,,,,,,,,,,
Wick,WI,10/26/22,10/30/22,1089,lv,Mandela Barnes,46.1,Ron Johnson,50.2,,,,,,,,,,
Fox News/Beacon Research/Shaw & Co. Research,WI,10/26/22,10/30/22,1000,rv,Mandela Barnes,45,Ron Johnson,48,,,,,,,,,,
Cygnal,AL,10/27/22,10/29/22,616,lv,Will Boyd,27.5,Katie Britt,57.1,,,,,,,,,,
Emerson College,CO,10/26/22,10/29/22,1000,lv,Michael Bennet,51.4,Joe O'Dea,43.3,,,,,,,,,,
Emerson College,KS,10/27/22,10/29/22,1000,lv,Mark R. Holland,32.6,Jerry Moran,54.2,,,,,,,,,,
Emerson College,NC,10/27/22,10/29/22,1000,lv,Cheri Beasley,45.7,Ted Budd,51.4,,,,,,,,,,
Saint Anselm College,NH,10/28/22,10/29/22,1541,lv,Maggie Hassan,47,Donald C. Bolduc,48,,,,,,,,,,
Emerson College,NV,10/26/22,10/29/22,2000,lv,Catherine Cortez Masto,45.8,Adam Paul Laxalt,51,,,,,,,,,,
The Polling Company Inc.,NY,10/27/22,10/29/22,501,lv,Charles E. Schumer,50,Joe Pinion,38,,,,,,,,,,
Emerson College,WI,10/27/22,10/29/22,1000,lv,Mandela Barnes,46.4,Ron Johnson,51,,,,,,,,,,
Amber Integrated,OK,10/26/22,10/28/22,501,lv,Madison Horn,38,James Lankford,52,,,,,,,,,,
Amber Integrated,OKS,10/26/22,10/28/22,501,lv,Kendra Horn,41,Markwayne Mullin,52,,,,,,,,,,
Emerson College,MO,10/26/22,10/28/22,1000,lv,Trudy Busch Valentine,40.1,Eric Schmitt,53.6,,,,,,,,,,
Suffolk University,NV,10/24/22,10/28/22,500,lv,Catherine Cortez Masto,45,Adam Paul Laxalt,44,,,,,,,,,,
Data for Progress,NY,10/26/22,10/28/22,818,lv,Charles E. Schumer,56,Joe Pinion,39,,,,,,,,,,
Cygnal,OH,10/24/22,10/28/22,1776,lv,Tim Ryan,43.1,J.D. Vance,47.7,,,,,,,,,,
Ascend Action,OK,10/24/22,10/28/22,749,lv,Madison Horn,34,James Lankford,51,,,,,,,,,,
Emerson College,OK,10/25/22,10/28/22,1000,lv,Madison Horn,34.2,James Lankford,61.5,,,,,,,,,,
Ascend Action,OKS,10/24/22,10/28/22,749,lv,Kendra Horn,41,Markwayne Mullin,47,,,,,,,,,,
Emerson College,OKS,10/25/22,10/28/22,1000,lv,Kendra Horn,36.3,Markwayne Mullin,58.9,,,,,,,,,,
Muhlenberg College,PA,10/24/22,10/28/22,460,lv,John Fetterman,47,Mehmet Oz,47,,,,,,,,,,
co/efficient,PA,10/26/22,10/28/22,1716,lv,John Fetterman,45,Mehmet Oz,48,,,,,,,,,,
Emerson College,UT,10/25/22,10/28/22,825,lv,Evan McMullin,39.8,Mike Lee,49.6,,,,,,,,,,
Trafalgar Group,WA,10/25/22,10/28/22,1207,lv,Patty Murray,49.4,Tiffany Smiley,48.2,,,,,,,,,,
University of Georgia School of Public and International Affairs,GA,10/16/22,10/27/22,1022,lv,Raphael Warnock,45.2,Herschel Junior Walker,45.5,,,,,,,,,,
Siena College/The New York Times Upshot,GA,10/24/22,10/27/22,604,lv,Raphael Warnock,47,Herschel Junior Walker,44,,,,,,,,,,
Opinion Savvy/InsiderAdvantage,GA,10/27/22,10/27/22,550,lv,Raphael Warnock,45.3,Herschel Junior Walker,47.5,,,,,,,,,,
Cygnal,IA,10/26/22,10/27/22,600,lv,Michael Franken,42.7,Chuck Grassley,53.9,,,,,,,,,,
Susquehanna Polling & Research Inc.,NV,10/24/22,10/27/22,500,lv,Catherine Cortez Masto,42.5,Adam Paul Laxalt,48.1,,,,,,,,,,
OH Predictive Insights,NV,10/24/22,10/27/22,600,lv,Catherine Cortez Masto,43,Adam Paul Laxalt,41,,,,,,,,,,
Wick,PA,10/26/22,10/27/22,1000,lv,John Fetterman,45.9,Mehmet Oz,47.6,,,,,,,,,,
OH Predictive Insights,UT,10/25/22,10/27/22,600,lv,Evan McMullin,36,Mike Lee,51,,,,,,,,,,
Triton Polling & Research,WA,10/26/22,10/27/22,506,lv,Patty Murray,50.6,Tiffany Smiley,45.4,,,,,,,,,,
Long Island University,CT,10/24/22,10/26/22,1004,a,Richard Blumenthal,51,Leora R. Levy,26,,,,,,,,,,
BSP Research/Shaw & Company Research,AZ,10/19/22,10/26/22,669,lv,Mark Kelly,47,Blake Masters,43,,,,,,,,,,
BSP Research/Shaw & Company Research,AZ,10/19/22,10/26/22,1000,rv,Mark Kelly,44,Blake Masters,40,,,,,,,,,,
"Fabrizio, Lee & Associates",AZ,10/24/22,10/26/22,800,lv,Mark Kelly,49,Blake Masters,49,,,,,,,,,,
"Fabrizio, Lee & Associates",AZ,10/24/22,10/26/22,800,lv,Mark Kelly,47,Blake Masters,46,,,,,,,,,,
Siena College/The New York Times Upshot,AZ,10/24/22,10/26/22,604,lv,Mark Kelly,51,Blake Masters,45,,,,,,,,,,
OH Predictive Insights,AZ,10/24/22,10/26/22,600,lv,Mark Kelly,48,Blake Masters,46,,,,,,,,,,
co/efficient,NH,10/25/22,10/26/22,1098,lv,Maggie Hassan,45,Donald C. Bolduc,45,,,,,,,,,,
Echelon Insights,NV,10/24/22,10/26/22,500,lv,Catherine Cortez Masto,45,Adam Paul Laxalt,45,,,,,,,,,,
Echelon Insights,NV,10/24/22,10/26/22,500,lv,Catherine Cortez Masto,46,Adam Paul Laxalt,48,,,,,,,,,,
Long Island University,NY,10/24/22,10/26/22,1001,a,Charles E. Schumer,54,Joe Pinion,27,,,,,,,,,,
Center Street PAC,OH,10/24/22,10/26/22,946,rv,Tim Ryan,42,J.D. Vance,40,,,,,,,,,,
Center Street PAC,OH,10/24/22,10/26/22,508,lv,Tim Ryan,47,J.D. Vance,42,,,,,,,,,,
Cygnal,OH,10/22/22,10/26/22,1817,lv,Tim Ryan,43.7,J.D. Vance,48.7,,,,,,,,,,
YouGov,PA,10/11/22,10/26/22,850,lv,John Fetterman,48.1,Mehmet Oz,42.4,,,,,,,,,,
Siena College/The New York Times Upshot,PA,10/24/22,10/26/22,620,lv,John Fetterman,49,Mehmet Oz,44,,,,,,,,,,
Opinion Savvy/InsiderAdvantage,PA,10/26/22,10/26/22,750,lv,John Fetterman,44.8,Mehmet Oz,47.5,,,,,,,,,,
Data for Progress,VT,10/21/22,10/26/22,1039,lv,Peter Welch,63,Gerald Malloy,32,,,,,,,,,,
University of Massachusetts Lowell,NH,10/14/22,10/25/22,600,lv,Maggie Hassan,51,Donald C. Bolduc,41,,,,,,,,,,
Opinion Savvy/InsiderAdvantage,AZ,10/24/22,10/25/22,550,lv,Mark Kelly,45,Blake Masters,43,,,,,,,,,,
co/efficient,CO,10/24/22,10/25/22,826,lv,Michael Bennet,49.9,Joe O'Dea,34.4,,,,,,,,,,
co/efficient,GA,10/24/22,10/25/22,946,lv,Raphael Warnock,43.6,Herschel Junior Walker,47,,,,,,,,,,
Moore Information,GA,10/22/22,10/25/22,800,lv,Raphael Warnock,42,Herschel Junior Walker,46,,,,,,,,,,
Civiqs,IA,10/22/22,10/25/22,623,lv,Michael Franken,44,Chuck Grassley,52,,,,,,,,,,
Civiqs,IL,10/22/22,10/25/22,659,lv,Tammy Duckworth,56,Kathy Salvi,40,,,,,,,,,,
Remington Research Group,MO,10/24/22,10/25/22,1011,lv,Trudy Busch Valentine,42,Eric Schmitt,51,,,,,,,,,,
Trafalgar Group,NV,10/23/22,10/25/22,1100,lv,Catherine Cortez Masto,45.6,Adam Paul Laxalt,49.8,,,,,,,,,,
Civiqs,NY,10/22/22,10/25/22,593,lv,Charles E. Schumer,56,Joe Pinion,41,,,,,,,,,,
University of North Florida,FL,10/17/22,10/24/22,622,lv,Val Demings,43,Marco Rubio,54,,,,,,,,,,
Rasmussen Reports/Pulse Opinion Research,GA,10/23/22,10/24/22,1053,lv,Raphael Warnock,43,Herschel Junior Walker,48,,,,,,,,,,
Emerson College,IL,10/20/22,10/24/22,1000,lv,Tammy Duckworth,49.1,Kathy Salvi,39.3,,,,,,,,,,
Siena College/The New York Times Upshot,NV,10/19/22,10/24/22,885,lv,Catherine Cortez Masto,47,Adam Paul Laxalt,47,,,,,,,,,,
Emerson College,NY,10/20/22,10/24/22,1000,lv,Charles E. Schumer,52.8,Joe Pinion,39.6,,,,,,,,,,
Cygnal,OH,10/20/22,10/24/22,1886,lv,Tim Ryan,44.2,J.D. Vance,48.3,,,,,,,,,,
YouGov,PA,10/21/22,10/24/22,1084,lv,John Fetterman,51,Mehmet Oz,49,,,,,,,,,,
Quinnipiac University,CT,10/19/22,10/23/22,1879,lv,Richard Blumenthal,56,Leora R. Levy,41,,,,,,,,,,
Data for Progress,FL,10/19/22,10/23/22,1251,lv,Val Demings,44,Marco Rubio,51,,,,,,,,,,
Trafalgar Group,GA,10/21/22,10/23/22,1076,lv,Raphael Warnock,46.5,Herschel Junior Walker,48.9,,,,,,,,,,
Opinion Savvy/InsiderAdvantage,NH,10/23/22,10/23/22,600,lv,Maggie Hassan,47.6,Donald C. Bolduc,47.1,,,,,,,,,,
Phillips Academy,NV,10/22/22,10/23/22,1052,lv,Catherine Cortez Masto,48.9,Adam Paul Laxalt,47.2,,,,,,,,,,
Baldwin Wallace University,OH,10/20/22,10/23/22,1068,lv,Tim Ryan,50.2,J.D. Vance,46,,,,,,,,,,
Franklin & Marshall College,PA,10/14/22,10/23/22,384,lv,John Fetterman,49,Mehmet Oz,45,,,,,,,,,,
Franklin & Marshall College,PA,10/14/22,10/23/22,620,rv,John Fetterman,48,Mehmet Oz,43,,,,,,,,,,
Patriot Polling,WI,10/20/22,10/23/22,801,rv,Mandela Barnes,43.2,Ron Johnson,51.6,,,,,,,,,,
Alaska Survey Research,AK,10/19/22,10/22/22,1276,lv,Patricia R. Chesbro,16.4,Lisa Murkowski,40.8,,,,,,,Kelly C. Tshibaka,38.9,Buzz A. Kelley,3.9
Cygnal,NC,10/20/22,10/22/22,600,lv,Cheri Beasley,43.1,Ted Budd,46.9,,,,,,,,,,
Garin-Hart-Yang Research Group,NV,10/19/22,10/22/22,501,lv,Catherine Cortez Masto,47,Adam Paul Laxalt,46,,,,,,,,,,
Cygnal,OH,10/18/22,10/22/22,1547,lv,Tim Ryan,43.3,J.D. Vance,46.9,,,,,,,,,,
Moore Information,WA,10/20/22,10/22/22,500,lv,Patty Murray,46,Tiffany Smiley,46,,,,,,,,,,
The Polling Company Inc.,WA,10/20/22,10/22/22,500,lv,Patty Murray,48,Tiffany Smiley,42,,,,,,,,,,
Data for Progress,WI,10/14/22,10/22/22,1376,lv,Mandela Barnes,46,Ron Johnson,51,,,,,,,,,,
co/efficient,AZ,10/20/22,10/21/22,1111,lv,Mark Kelly,46.6,Blake Masters,44.8,,,,,,,,,,
Emerson College,CT,10/19/22,10/21/22,1000,lv,Richard Blumenthal,54,Leora R. Levy,41.7,,,,,,,,,,
Garin-Hart-Yang Research Group,GA,10/19/22,10/21/22,503,lv,Raphael Warnock,48,Herschel Junior Walker,45,,,,,,,,,,
Emerson College,SD,10/19/22,10/21/22,1500,lv,Brian L. Bengs,27,John R. Thune,58,,,,,,,,,,
ActiVote,CA,7/22/22,10/20/22,208,lv,Alex Padilla,65,Mark P. Meuser,35,,,,,,,,,,
Stetson University Center for Public Opinion Research,FL,10/16/22,10/20/22,644,lv,Val Demings,45,Marco Rubio,52,,,,,,,,,,
Marist College,NC,10/17/22,10/20/22,1130,rv,Cheri Beasley,44,Ted Budd,44,,,,,,,,,,
Opinion Savvy/InsiderAdvantage,NV,10/20/22,10/20/22,550,lv,Catherine Cortez Masto,46.3,Adam Paul Laxalt,48.2,,,,,,,,,,
Marist College,OH,10/17/22,10/20/22,1141,rv,Tim Ryan,45,J.D. Vance,46,,,,,,,,,,
Cygnal,OH,10/16/22,10/20/22,1540,lv,Tim Ryan,44,J.D. Vance,47,,,,,,,,,,
Rasmussen Reports/Pulse Opinion Research,PA,10/19/22,10/20/22,972,lv,John Fetterman,45,Mehmet Oz,43,,,,,,,,,,
Echelon Insights,PA,10/18/22,10/20/22,500,rv,John Fetterman,46,Mehmet Oz,43,,,,,,,,,,
Public Policy Polling,WA,10/19/22,10/20/22,782,lv,Patty Murray,52,Tiffany Smiley,42,,,,,,,,,,
co/efficient,WA,10/19/22,10/20/22,1181,lv,Patty Murray,48,Tiffany Smiley,45,,,,,,,,,,
YouGov,CO,10/11/22,10/19/22,709,lv,Michael Bennet,56,Joe O'Dea,42,,,,,,,,,,
Tarrance Group,IA,10/15/22,10/19/22,600,lv,Michael Franken,42,Chuck Grassley,53,,,,,,,,,,
Trafalgar Group,NC,10/16/22,10/19/22,1081,lv,Cheri Beasley,44.2,Ted Budd,48.4,,,,,,,,,,
Emerson College,NH,10/18/22,10/19/22,727,lv,Maggie Hassan,49.5,Donald C. Bolduc,45.4,,,,,,,,,,
"Fabrizio, Lee & Associates",NH,10/17/22,10/19/22,600,lv,Maggie Hassan,49,Donald C. Bolduc,47,,,,,,,,,,
Data for Progress,NH,10/14/22,10/19/22,1392,lv,Maggie Hassan,50,Donald C. Bolduc,44,,,,,,,,,,
BSP Research/Shaw & Company Research,NV,10/12/22,10/19/22,721,lv,Catherine Cortez Masto,47,Adam Paul Laxalt,45,,,,,,,,,,
YouGov,NV,10/14/22,10/19/22,1057,lv,Catherine Cortez Masto,48,Adam Paul Laxalt,49,,,,,,,,,,
Data for Progress,NV,10/13/22,10/19/22,819,lv,Catherine Cortez Masto,48,Adam Paul Laxalt,49,,,,,,,,,,
BSP Research/Shaw & Company Research,NV,10/12/22,10/19/22,1000,rv,Catherine Cortez Masto,44,Adam Paul Laxalt,42,,,,,,,,,,
University of Nevada,NV,10/5/22,10/19/22,586,lv,Catherine Cortez Masto,52,Adam Paul Laxalt,39,,,,,,,,,,
Siena College,OH,10/14/22,10/19/22,644,lv,Tim Ryan,46,J.D. Vance,46,,,,,,,,,,
Garin-Hart-Yang Research Group,PA,10/17/22,10/19/22,504,lv,John Fetterman,46,Mehmet Oz,44,,,,,,,,,,
Opinion Savvy/InsiderAdvantage,PA,10/19/22,10/19/22,550,lv,John Fetterman,46.3,Mehmet Oz,45.5,,,,,,,,,,
SurveyUSA,WA,10/14/22,10/19/22,589,lv,Patty Murray,49,Tiffany Smiley,41,,,,,,,,,,
Hendrix College,AR,10/17/22,10/18/22,974,lv,Natalie James,32,John Boozman,52,,,,,,,,,,
Susquehanna Polling & Research Inc.,AZ,10/14/22,10/18/22,600,lv,Mark Kelly,47.7,Blake Masters,44.5,,,,,,,,,,
Civiqs,CO,10/15/22,10/18/22,600,lv,Michael Bennet,54,Joe O'Dea,41,,,,,,,,,,
East Carolina University,GA,10/13/22,10/18/22,905,lv,Raphael Warnock,48.7,Herschel Junior Walker,46.5,,,,,,,,,,
Change Research,IA,10/14/22,10/18/22,1008,lv,Michael Franken,45,Chuck Grassley,48,,,,,,,,,,
WPA Intelligence (WPAi),NV,10/16/22,10/18/22,500,lv,Catherine Cortez Masto,43,Adam Paul Laxalt,45,,,,,,,,,,
SurveyUSA,NY,10/14/22,10/18/22,702,lv,Charles E. Schumer,52,Joe Pinion,38,,,,,,,,,,
Cygnal,OH,10/14/22,10/18/22,1438,lv,Tim Ryan,43.2,J.D. Vance,47.3,,,,,,,,,,
Data for Progress,OR,10/16/22,10/18/22,1021,lv,Ron Wyden,51,Jo Rae Perkins,40,,,,,,,,,,
Civiqs,OR,10/15/22,10/18/22,804,lv,Ron Wyden,55,Jo Rae Perkins,38,,,,,,,,,,
Civiqs,WA,10/15/22,10/18/22,698,lv,Patty Murray,55,Tiffany Smiley,41,,,,,,,,,,
Trafalgar Group,AZ,10/16/22,10/17/22,1078,lv,Mark Kelly,47.4,Blake Masters,46.4,,,,,,,,,,
Data for Progress,AZ,10/11/22,10/17/22,893,lv,Mark Kelly,47,Blake Masters,47,,,,,,,,,,
Landmark Communications,GA,10/15/22,10/17/22,500,lv,Raphael Warnock,46.1,Herschel Junior Walker,46,,,,,,,,,,
Data for Progress,GA,10/13/22,10/17/22,984,lv,Raphael Warnock,48,Herschel Junior Walker,47,,,,,,,,,,
Rasmussen Reports/Pulse Opinion Research,NV,10/13/22,10/17/22,707,lv,Catherine Cortez Masto,43,Adam Paul Laxalt,48,,,,,,,,,,
SSRS,PA,10/13/22,10/17/22,901,rv,John Fetterman,52,Mehmet Oz,41,,,,,,,,,,
SSRS,PA,10/13/22,10/17/22,703,lv,John Fetterman,51,Mehmet Oz,45,,,,,,,,,,
SSRS,WI,10/13/22,10/17/22,905,rv,Mandela Barnes,48,Ron Johnson,45,,,,,,,,,,
SSRS,WI,10/13/22,10/17/22,714,lv,Mandela Barnes,49,Ron Johnson,50,,,,,,,,,,
Florida Atlantic University,FL,10/12/22,10/16/22,719,lv,Val Demings,42,Marco Rubio,47.7,,,,,,,,,,
Opinion Savvy/InsiderAdvantage,GA,10/16/22,10/16/22,550,lv,Raphael Warnock,46.3,Herschel Junior Walker,43.4,,,,,,,,,,
Quinnipiac University,NY,10/12/22,10/16/22,1617,lv,Charles E. Schumer,54,Joe Pinion,42,,,,,,,,,,
Redfield & Wilton Strategies,OH,10/16/22,10/16/22,800,rv,Tim Ryan,43,J.D. Vance,40,,,,,,,,,,
Redfield & Wilton Strategies,OH,10/16/22,10/16/22,568,lv,Tim Ryan,43,J.D. Vance,47,,,,,,,,,,
Cygnal,OH,10/12/22,10/16/22,1400,lv,Tim Ryan,43.1,J.D. Vance,46.5,,,,,,,,,,
Suffolk University,OH,10/11/22,10/15/22,500,lv,Tim Ryan,45,J.D. Vance,47,,,,,,,,,,
Ohio Northern University Institute for Civics and Public Policy,OH,10/11/22,10/15/22,668,lv,Tim Ryan,43.12,J.D. Vance,41.19,,,,,,,,,,
Amber Integrated,OK,10/13/22,10/15/22,500,lv,Madison Horn,36,James Lankford,52,,,,,,,,,,
Amber Integrated,OKS,10/13/22,10/15/22,500,lv,Kendra Horn,39,Markwayne Mullin,52,,,,,,,,,,
Garin-Hart-Yang Research Group,WI,10/11/22,10/15/22,502,lv,Mandela Barnes,46,Ron Johnson,48,,,,,,,,,,
Siena College,NY,10/12/22,10/14/22,707,lv,Charles E. Schumer,57,Joe Pinion,37,,,,,,,,,,
Cygnal,OH,10/10/22,10/14/22,1400,lv,Tim Ryan,42.8,J.D. Vance,45.8,,,,,,,,,,
Garin-Hart-Yang Research Group,AZ,10/10/22,10/13/22,502,lv,Mark Kelly,47,Blake Masters,43,,,,,,,,,,
HighGround Inc.,AZ,10/12/22,10/13/22,500,lv,Mark Kelly,42.4,Blake Masters,39.6,,,,,,,,,,
Wick,AZ,10/8/22,10/13/22,1000,lv,Mark Kelly,48.9,Blake Masters,46.4,,,,,,,,,,
"Fabrizio, Lee & Associates",CT,10/10/22,10/13/22,1200,lv,Richard Blumenthal,49,Leora R. Levy,44,,,,,,,,,,
RMG Research,FL,10/10/22,10/13/22,685,lv,Val Demings,45,Marco Rubio,50,,,,,,,,,,
Wick,GA,10/8/22,10/13/22,1018,lv,Raphael Warnock,46.1,Herschel Junior Walker,46.1,,,,,,,,,,
East Carolina University,NC,10/10/22,10/13/22,902,lv,Cheri Beasley,44,Ted Budd,50,,,,,,,,,,
Wick,NC,10/8/22,10/13/22,1009,lv,Cheri Beasley,44.2,Ted Budd,48.7,,,,,,,,,,
Wick,PA,10/8/22,10/13/22,1013,lv,John Fetterman,44.6,Mehmet Oz,49.1,,,,,,,,,,
Selzer & Co.,IA,10/9/22,10/12/22,620,lv,Michael Franken,43,Chuck Grassley,46,,,,,,,,,,
Trafalgar Group,OH,10/10/22,10/12/22,1081,lv,Tim Ryan,43.8,J.D. Vance,47.3,,,,,,,,,,
Data for Progress,OH,10/7/22,10/12/22,1016,lv,Tim Ryan,46,J.D. Vance,49,,,,,,,,,,
Ascend Action,OK,10/10/22,10/12/22,638,lv,Madison Horn,37,James Lankford,51,,,,,,,,,,
Ascend Action,OKS,10/10/22,10/12/22,638,lv,Kendra Horn,39,Markwayne Mullin,50,,,,,,,,,,
Patriot Polling,PA,10/10/22,10/12/22,857,rv,John Fetterman,46,Mehmet Oz,47.6,,,,,,,,,,
Fabrizio Lee & Associates/Impact Research,PA,10/4/22,10/12/22,1400,lv,John Fetterman,48,Mehmet Oz,46,,,,,,,,,,
Opinion Savvy/InsiderAdvantage,AZ,10/11/22,10/11/22,550,rv,Mark Kelly,46,Blake Masters,41.6,,,,,,,,,,
Global Strategy Group,CO,10/6/22,10/11/22,800,rv,Michael Bennet,50,Joe O'Dea,35,,,,,,,,,,
Global Strategy Group,CO,10/6/22,10/11/22,800,lv,Michael Bennet,49,Joe O'Dea,38,,,,,,,,,,
Global Strategy Group,CO,10/6/22,10/11/22,800,rv,Michael Bennet,53,Joe O'Dea,40,,,,,,,,,,
Global Strategy Group,CO,10/6/22,10/11/22,800,lv,Michael Bennet,52,Joe O'Dea,42,,,,,,,,,,
African American Research Collaborative,FL,10/4/22,10/11/22,1250,rv,Val Demings,40,Marco Rubio,42,,,,,,,,,,
Trafalgar Group,GA,10/8/22,10/11/22,1084,lv,Raphael Warnock,46.3,Herschel Junior Walker,44.8,,,,,,,,,,
Moore Information,GA,10/8/22,10/11/22,800,lv,Raphael Warnock,44,Herschel Junior Walker,46,,,,,,,,,,
Civiqs,GA,10/8/22,10/11/22,717,lv,Raphael Warnock,49,Herschel Junior Walker,46,,,,,,,,,,
Public Policy Polling,IL,10/10/22,10/11/22,770,lv,Tammy Duckworth,50,Kathy Salvi,36,,,,,,,,,,
Research America Inc.,IL,10/5/22,10/11/22,1000,rv,Tammy Duckworth,48.2,Kathy Salvi,28.5,,,,,,,,,,
Public Policy Polling,LA,10/10/22,10/11/22,633,lv,Luke Mixon,16,John Kennedy,53,,,Syrita Steib,6,Gary Chambers,8,,,,
Trafalgar Group,PA,10/8/22,10/11/22,1078,lv,John Fetterman,47.2,Mehmet Oz,44.8,,,,,,,,,,
Hill Research Consultants,UT,10/8/22,10/11/22,500,lv,Evan McMullin,49,Mike Lee,43,,,,,,,,,,
Center Street PAC,UT,10/4/22,10/11/22,406,rv,Evan McMullin,37,Mike Lee,38,,,,,,,,,,
Center Street PAC,UT,10/4/22,10/11/22,239,lv,Evan McMullin,38,Mike Lee,50,,,,,,,,,,
Clarity Campaign Labs,WI,10/7/22,10/11/22,874,lv,Mandela Barnes,48,Ron Johnson,47,,,,,,,,,,
Ascend Action,AZ,10/8/22,10/10/22,954,lv,Mark Kelly,48,Blake Masters,44,,,,,,,,,,
OnMessage Inc.,AZ,10/8/22,10/10/22,600,lv,Mark Kelly,46,Blake Masters,43,,,,,,,,,,
SurveyUSA,CA,10/7/22,10/10/22,1013,lv,Alex Padilla,56,Mark P. Meuser,34,,,,,,,,,,
SurveyUSA,CA,10/7/22,10/10/22,1013,lv,Alex Padilla,56,Mark P. Meuser,34,,,,,,,,,,
Quinnipiac University,GA,10/7/22,10/10/22,1157,lv,Raphael Warnock,52,Herschel Junior Walker,45,,,,,,,,,,
South Dakota State University,SD,9/28/22,10/10/22,565,rv,Brian L. Bengs,28,John R. Thune,53,,,,,,,,,,
Center Street PAC,AZ,10/4/22,10/9/22,894,rv,Mark Kelly,54,Blake Masters,32,,,,,,,,,,
Center Street PAC,AZ,10/4/22,10/9/22,551,lv,Mark Kelly,55,Blake Masters,38,,,,,,,,,,
Marquette University Law School,WI,10/3/22,10/9/22,652,lv,Mandela Barnes,46,Ron Johnson,52,,,,,,,,,,
Marquette University Law School,WI,10/3/22,10/9/22,801,rv,Mandela Barnes,47,Ron Johnson,47,,,,,,,,,,
Public Policy Polling,NC,10/7/22,10/8/22,606,rv,Cheri Beasley,45,Ted Budd,46,,,,,,,,,,
Cygnal,OH,10/6/22,10/8/22,640,lv,Tim Ryan,44.4,J.D. Vance,46.3,,,,,,,,,,
Emerson College,GA,10/6/22,10/7/22,1000,lv,Raphael Warnock,47.8,Herschel Junior Walker,45.6,,,,,,,,,,
Suffolk University,NV,10/4/22,10/7/22,500,lv,Catherine Cortez Masto,45.6,Adam Paul Laxalt,43.6,,,,,,,,,,
Emerson College,OH,10/6/22,10/7/22,1000,lv,Tim Ryan,44.7,J.D. Vance,45.5,,,,,,,,,,
YouGov,WI,10/3/22,10/7/22,1137,lv,Mandela Barnes,49,Ron Johnson,50,,,,,,,,,,
OH Predictive Insights,AZ,10/4/22,10/6/22,674,lv,Mark Kelly,46,Blake Masters,33,,,,,,,,,,
Data for Progress,CO,10/3/22,10/6/22,1005,lv,Michael Bennet,50,Joe O'Dea,41,,,,,,,,,,
Marist College,CO,10/3/22,10/6/22,1127,rv,Michael Bennet,48,Joe O'Dea,41,,,,,,,,,,
Fabrizio Lee & Associates/Impact Research,NH,10/2/22,10/6/22,500,lv,Maggie Hassan,52,Donald C. Bolduc,45,,,,,,,,,,
Marist College,NY,10/3/22,10/6/22,1117,rv,Charles E. Schumer,54,Joe Pinion,34,,,,,,,,,,
SoonerPoll.com,OK,10/4/22,10/6/22,301,lv,Madison Horn,40.4,James Lankford,51.7,,,,,,,,,,
SoonerPoll.com,OKS,10/4/22,10/6/22,301,lv,Kendra Horn,42,Markwayne Mullin,50.7,,,,,,,,,,
OH Predictive Insights,UT,10/5/22,10/6/22,483,lv,Evan McMullin,32,Mike Lee,47,,,,,,,,,,
Dan Jones & Associates,UT,10/3/22,10/6/22,801,rv,Evan McMullin,37,Mike Lee,41,,,,,,,,,,
Dan Jones & Associates,UT,10/3/22,10/6/22,773,lv,Evan McMullin,37,Mike Lee,42,,,,,,,,,,
YouGov,AZ,9/30/22,10/4/22,1161,lv,Mark Kelly,51,Blake Masters,48,,,,,,,,,,
Opinion Savvy/InsiderAdvantage,GA,10/4/22,10/4/22,550,lv,Raphael Warnock,47.2,Herschel Junior Walker,43.6,,,,,,,,,,
SurveyUSA,GA,9/30/22,10/4/22,1076,lv,Raphael Warnock,50,Herschel Junior Walker,38,,,,,,,,,,
University of Georgia School of Public and International Affairs,GA,9/25/22,10/4/22,1030,lv,Raphael Warnock,46.4,Herschel Junior Walker,43.4,,,,,,,,,,
Cygnal,IA,10/2/22,10/4/22,600,lv,Michael Franken,39.7,Chuck Grassley,54.1,,,,,,,,,,
Emerson College,IA,10/2/22,10/4/22,959,lv,Michael Franken,38,Chuck Grassley,48.7,,,,,,,,,,
WPA Intelligence (WPAi),NV,10/2/22,10/4/22,500,lv,Catherine Cortez Masto,44,Adam Paul Laxalt,42,,,,,,,,,,
Center Street PAC,OH,10/2/22,10/3/22,528,lv,Tim Ryan,49,J.D. Vance,38,,,,,,,,,,
Center Street PAC,OH,10/2/22,10/3/22,950,rv,Tim Ryan,43,J.D. Vance,35,,,,,,,,,,
University of New Hampshire,VT,9/29/22,10/3/22,765,lv,Peter Welch,62,Gerald Malloy,28,,,,,,,,,,
SSRS,AZ,9/26/22,10/2/22,795,lv,Mark Kelly,51,Blake Masters,45,,,,,,,,,,
SSRS,AZ,9/26/22,10/2/22,900,rv,Mark Kelly,52,Blake Masters,42,,,,,,,,,,
SurveyUSA,NC,9/28/22,10/2/22,677,lv,Cheri Beasley,42,Ted Budd,43,,,,,,,,,,
SSRS,NV,9/26/22,10/2/22,828,lv,Catherine Cortez Masto,46,Adam Paul Laxalt,48,,,,,,,,,,
SSRS,NV,9/26/22,10/2/22,926,rv,Catherine Cortez Masto,47,Adam Paul Laxalt,44,,,,,,,,,,
Emerson College,OR,9/30/22,10/1/22,796,lv,Ron Wyden,51.1,Jo Rae Perkins,31.6,,,,,,,,,,
Emerson College,WA,9/30/22,10/1/22,782,lv,Patty Murray,50.7,Tiffany Smiley,41.9,,,,,,,,,,
Trafalgar Group,NH,9/26/22,9/30/22,1081,lv,Maggie Hassan,48.2,Donald C. Bolduc,45,,,,,,,,,,
Data for Progress,NH,9/23/22,9/30/22,1147,lv,Maggie Hassan,50,Donald C. Bolduc,43,,,,,,,,,,
Center Street PAC,PA,9/29/22,9/30/22,568,lv,John Fetterman,55,Mehmet Oz,36,,,,,,,,,,
Center Street PAC,PA,9/29/22,9/30/22,971,rv,John Fetterman,50,Mehmet Oz,34,,,,,,,,,,
Suffolk University,PA,9/27/22,9/30/22,500,lv,John Fetterman,46.4,Mehmet Oz,40,,,,,,,,,,
OH Predictive Insights,NV,9/20/22,9/29/22,741,lv,Catherine Cortez Masto,43,Adam Paul Laxalt,45,,,,,,,,,,
Mason-Dixon Polling & Strategy,FL,9/26/22,9/28/22,800,lv,Val Demings,41,Marco Rubio,47,,,,,,,,,,
Change Research,IA,9/23/22,9/28/22,978,lv,Michael Franken,44,Chuck Grassley,49,,,,,,,,,,
Saint Anselm College,NH,9/27/22,9/28/22,901,lv,Maggie Hassan,49,Donald C. Bolduc,43,,,,,,,,,,
Public Policy Polling,WA,9/27/22,9/28/22,770,v,Patty Murray,52,Tiffany Smiley,40,,,,,,,,,,
Alaska Survey Research,AK,9/25/22,9/27/22,1282,lv,Patricia R. Chesbro,16.3,Lisa Murkowski,41,,,,,,,Kelly C. Tshibaka,38.6,Buzz A. Kelley,4.2
OnMessage Inc.,CO,9/20/22,9/27/22,600,lv,Michael Bennet,46,Joe O'Dea,45,,,,,,,,,,
Clarity Campaign Labs,FL,9/22/22,9/27/22,2860,lv,Val Demings,46,Marco Rubio,46,,,,,,,,,,
Emerson College,MO,9/23/22,9/27/22,1160,lv,Trudy Busch Valentine,37.7,Eric Schmitt,49.1,,,,,,,,,,
OnMessage Inc.,WA,9/20/22,9/27/22,600,lv,Patty Murray,46,Tiffany Smiley,42,,,,,,,,,,
Public Policy Polling,WI,9/26/22,9/27/22,574,v,Mandela Barnes,47,Ron Johnson,47,,,,,,,,,,
Fox News/Beacon Research/Shaw & Co. Research,AZ,9/22/22,9/26/22,1008,rv,Mark Kelly,46,Blake Masters,40,,,,,,,,,,
Keating Research/Magellan Strategies,CO,9/18/22,9/26/22,1060,lv,Michael Bennet,46,Joe O'Dea,36,,,,,,,,,,
Fox News/Beacon Research/Shaw & Co. Research,GA,9/22/22,9/26/22,1011,rv,Raphael Warnock,46,Herschel Junior Walker,41,,,,,,,,,,
ARW Strategies,IN,9/25/22,9/26/22,600,lv,Thomas McDermott,37,Todd Young,39,,,,,,,,,,
Cygnal,NC,9/24/22,9/26/22,650,lv,Cheri Beasley,44,Ted Budd,43.7,,,,,,,,,,
Suffolk University,NH,9/23/22,9/26/22,500,lv,Maggie Hassan,49.6,Donald C. Bolduc,41.2,,,,,,,,,,
Emerson College,PA,9/23/22,9/26/22,1000,lv,John Fetterman,44.6,Mehmet Oz,42.6,,,,,,,,,,
Fox News/Beacon Research/Shaw & Co. Research,PA,9/22/22,9/26/22,1008,rv,John Fetterman,45,Mehmet Oz,41,,,,,,,,,,
Strategies 360,WA,9/23/22,9/26/22,500,rv,Patty Murray,50,Tiffany Smiley,36,,,,,,,,,,
Strategies 360,WA,9/23/22,9/26/22,370,lv,Patty Murray,52,Tiffany Smiley,40,,,,,,,,,,
Fox News/Beacon Research/Shaw & Co. Research,WI,9/22/22,9/26/22,1012,rv,Mandela Barnes,44,Ron Johnson,48,,,,,,,,,,
Suffolk University,AZ,9/21/22,9/25/22,500,lv,Mark Kelly,49,Blake Masters,42.2,,,,,,,,,,
Siena College,FL,9/18/22,9/25/22,669,lv,Val Demings,41,Marco Rubio,48,,,,,,,,,,
ActiVote,FL,6/27/22,9/25/22,210,lv,Val Demings,45,Marco Rubio,51,,,,,,,,,,
Siena College,NY,9/16/22,9/25/22,655,lv,Charles E. Schumer,55,Joe Pinion,36,,,,,,,,,,
Franklin & Marshall College,PA,9/19/22,9/25/22,517,rv,John Fetterman,45,Mehmet Oz,42,,,,,,,,,,
Fabrizio Lee & Associates/Impact Research,WI,9/18/22,9/25/22,500,lv,Mandela Barnes,46,Ron Johnson,51,,,,,,,,,,
Trafalgar Group,CO,9/20/22,9/24/22,1078,lv,Michael Bennet,48.6,Joe O'Dea,42.6,,,,,,,,,,
Opinion Savvy/InsiderAdvantage,PA,9/23/22,9/24/22,500,lv,John Fetterman,44.8,Mehmet Oz,41.7,,,,,,,,,,
Trafalgar Group,WA,9/21/22,9/24/22,1091,lv,Patty Murray,48.7,Tiffany Smiley,46.5,,,,,,,,,,
Emerson College,IL,9/21/22,9/23/22,1000,lv,Tammy Duckworth,49.7,Kathy Salvi,30.8,,,,,,,,,,
Meredith College,NC,9/20/22,9/23/22,731,lv,Cheri Beasley,41,Ted Budd,41.3,,,,,,,,,,
Data for Progress,WI,9/20/22,9/23/22,999,lv,Mandela Barnes,48,Ron Johnson,50,,,,,,,,,,
Marist College,AZ,9/19/22,9/22/22,1260,rv,Mark Kelly,51,Blake Masters,41,,,,,,,,,,
Siena College,OH,9/18/22,9/22/22,642,lv,Tim Ryan,46,J.D. Vance,43,,,,,,,,,,
Marist College,PA,9/19/22,9/22/22,1242,rv,John Fetterman,51,Mehmet Oz,41,,,,,,,,,,
Western New England University,CT,9/15/22,9/21/22,766,rv,Richard Blumenthal,51,Leora R. Levy,37,,,,,,,,,,
Western New England University,CT,9/15/22,9/21/22,626,lv,Richard Blumenthal,53,Leora R. Levy,40,,,,,,,,,,
Amber Integrated,OK,9/19/22,9/21/22,500,lv,Madison Horn,34,James Lankford,52,,,,,,,,,,
Amber Integrated,OKS,9/19/22,9/21/22,500,lv,Kendra Horn,39,Markwayne Mullin,50,,,,,,,,,,
Dan Jones & Associates,UT,9/3/22,9/21/22,815,rv,Evan McMullin,34,Mike Lee,36,,,,,,,,,,
Dan Jones & Associates,UT,9/3/22,9/21/22,786,lv,Evan McMullin,34,Mike Lee,37,,,,,,,,,,
Civiqs,FL,9/17/22,9/20/22,617,lv,Val Demings,47,Marco Rubio,49,,,,,,,,,,
Data for Progress,GA,9/16/22,9/20/22,1006,lv,Raphael Warnock,46,Herschel Junior Walker,46,,,,,,,,,,
Civiqs,NC,9/17/22,9/20/22,586,lv,Cheri Beasley,49,Ted Budd,48,,,,,,,,,,
Global Strategy Group,NC,9/12/22,9/20/22,800,lv,Cheri Beasley,46,Ted Budd,46,,,,,,,,,,
Opinion Savvy/InsiderAdvantage,NV,9/20/22,9/20/22,500,lv,Catherine Cortez Masto,43,Adam Paul Laxalt,45.9,,,,,,,,,,
WPA Intelligence (WPAi),NV,9/18/22,9/20/22,500,lv,Catherine Cortez Masto,42,Adam Paul Laxalt,39,,,,,,,,,,
Trafalgar Group,NV,9/17/22,9/20/22,1086,lv,Catherine Cortez Masto,43.1,Adam Paul Laxalt,47.1,,,,,,,,,,
Data for Progress,AZ,9/15/22,9/19/22,768,lv,Mark Kelly,48,Blake Masters,47,,,,,,,,,,
Emerson College,CO,9/18/22,9/19/22,1000,lv,Michael Bennet,45.5,Joe O'Dea,35.9,,,,,,,,,,
Quinnipiac University,CT,9/15/22,9/19/22,1911,lv,Richard Blumenthal,57,Leora R. Levy,40,,,,,,,,,,
YouGov,GA,9/14/22,9/19/22,1178,lv,Raphael Warnock,51,Herschel Junior Walker,49,,,,,,,,,,
American Research Group,NH,9/15/22,9/19/22,555,rv,Maggie Hassan,53,Donald C. Bolduc,40,,,,,,,,,,
University of New Hampshire,NH,9/15/22,9/19/22,870,lv,Maggie Hassan,49,Donald C. Bolduc,41,,,,,,,,,,
Data for Progress,NV,9/14/22,9/19/22,874,lv,Catherine Cortez Masto,46,Adam Paul Laxalt,47,,,,,,,,,,
Phillips Academy,PA,9/16/22,9/19/22,759,rv,John Fetterman,46.5,Mehmet Oz,44.5,,,,,,,,,,
Trafalgar Group,WI,9/15/22,9/19/22,1087,lv,Mandela Barnes,46.5,Ron Johnson,48.7,,,,,,,,,,
Suffolk University,FL,9/15/22,9/18/22,500,lv,Val Demings,41.2,Marco Rubio,45.2,,,,,,,,,,
Emerson College,KS,9/15/22,9/18/22,1000,lv,Mark R. Holland,33.1,Jerry Moran,45.3,,,,,,,,,,
SurveyUSA,MO,9/14/22,9/18/22,670,lv,Trudy Busch Valentine,36,Eric Schmitt,47,,,,,,,,,,
Bruno Political Consulting,OK,9/15/22,9/18/22,2989,lv,Madison Horn,26.68,James Lankford,49.12,,,,,,,,,,
Bruno Political Consulting,OKS,9/15/22,9/18/22,2989,lv,Kendra Horn,37.09,Markwayne Mullin,49.17,,,,,,,,,,
Emerson College,WI,9/16/22,9/18/22,860,lv,Mandela Barnes,44.1,Ron Johnson,47.7,,,,,,,,,,
Trafalgar Group,AZ,9/14/22,9/17/22,1080,lv,Mark Kelly,46.6,Blake Masters,45.4,,,,,,,,,,
University of Georgia School of Public and International Affairs,GA,9/5/22,9/16/22,861,lv,Raphael Warnock,44.2,Herschel Junior Walker,45.8,,,,,,,,,,
Emerson College,NC,9/15/22,9/16/22,1000,lv,Cheri Beasley,43.2,Ted Budd,45.6,,,,,,,,,,
Muhlenberg College,PA,9/13/22,9/16/22,420,lv,John Fetterman,49,Mehmet Oz,44,,,,,,,,,,
Fabrizio Lee & Associates/Impact Research,AZ,9/8/22,9/15/22,500,lv,Mark Kelly,50,Blake Masters,42,,,,,,,,,,
Fabrizio Lee & Associates/Impact Research,AZ,9/8/22,9/15/22,500,lv,Mark Kelly,52,Blake Masters,45,,,,,,,,,,
Marist College,GA,9/12/22,9/15/22,1202,rv,Raphael Warnock,47,Herschel Junior Walker,42,,,,,,,,,,
Emerson College,NH,9/14/22,9/15/22,800,lv,Maggie Hassan,50.6,Donald C. Bolduc,40.1,,,,,,,,,,
Marist College,OH,9/12/22,9/15/22,1200,rv,Tim Ryan,45,J.D. Vance,46,,,,,,,,,,
Baldwin Wallace University,OH,9/12/22,9/15/22,855,lv,Tim Ryan,48.2,J.D. Vance,45.1,,,,,,,,,,
Trafalgar Group,PA,9/13/22,9/15/22,1078,lv,John Fetterman,47.7,Mehmet Oz,45.9,,,,,,,,,,
OnMessage Inc.,UT,9/13/22,9/15/22,700,lv,Evan McMullin,34,Mike Lee,51,,,,,,,,,,
Elway Research,WA,9/12/22,9/15/22,403,lv,Patty Murray,50,Tiffany Smiley,37,,,,,,,,,,
Siena College,WI,9/14/22,9/15/22,651,lv,Mandela Barnes,48,Ron Johnson,47,,,,,,,,,,
Emerson College,OH,9/12/22,9/13/22,1000,lv,Tim Ryan,40.1,J.D. Vance,44.4,,,,,,,,,,
Civiqs,OH,9/10/22,9/13/22,780,lv,Tim Ryan,45,J.D. Vance,48,,,,,,,,,,
Lighthouse Research,UT,8/30/22,9/13/22,509,lv,Evan McMullin,37.33,Mike Lee,48.13,,,,,,,,,,
OnMessage Inc.,WI,9/11/22,9/13/22,800,lv,Mandela Barnes,45,Ron Johnson,49,,,,,,,,,,
Civiqs,WI,9/10/22,9/13/22,780,lv,Mandela Barnes,48,Ron Johnson,49,,,,,,,,,,
Hendrix College,AR,9/12/22,9/12/22,835,lv,Natalie James,30.5,John Boozman,43.5,,,,,,,,,,
Center Street PAC,GA,9/9/22,9/12/22,542,lv,Raphael Warnock,49,Herschel Junior Walker,45,,,,,,,,,,
Center Street PAC,GA,9/9/22,9/12/22,949,rv,Raphael Warnock,50,Herschel Junior Walker,37,,,,,,,,,,
Quinnipiac University,GA,9/8/22,9/12/22,1278,lv,Raphael Warnock,52,Herschel Junior Walker,46,,,,,,,,,,
Goucher College,MD,9/8/22,9/12/22,748,lv,Chris Van Hollen,56,Chris Chaffee,33,,,,,,,,,,
YouGov,PA,9/6/22,9/12/22,1188,lv,John Fetterman,52,Mehmet Oz,47,,,,,,,,,,
Fabrizio Lee & Associates/Impact Research,AK,9/6/22,9/11/22,500,lv,Patricia R. Chesbro,14,Lisa Murkowski,38,,,,,,,Kelly C. Tshibaka,46,Buzz A. Kelley,2
OnMessage Inc.,AZ,9/6/22,9/11/22,400,lv,Mark Kelly,50,Blake Masters,40,,,,,,,,,,
Fallon Research & Communications,OH,9/6/22,9/11/22,600,rv,Tim Ryan,46.1,J.D. Vance,43.1,,,,,,,,,,
Lake Research Partners,SD,9/6/22,9/11/22,400,lv,Brian L. Bengs,33,John R. Thune,46,,,,,,,,,,
Marquette University Law School,WI,9/6/22,9/11/22,632,lv,Mandela Barnes,48,Ron Johnson,49,,,,,,,,,,
Marquette University Law School,WI,9/6/22,9/11/22,801,rv,Mandela Barnes,47,Ron Johnson,48,,,,,,,,,,
Sachs Media,FL,9/10/22,9/10/22,600,lv,Val Demings,46,Marco Rubio,49,,,,,,,,,,
Center Street PAC,FL,9/9/22,9/10/22,608,lv,Val Demings,45,Marco Rubio,50,,,,,,,,,,
Center Street PAC,FL,9/9/22,9/10/22,999,rv,Val Demings,40,Marco Rubio,48,,,,,,,,,,
East Carolina University,NC,9/7/22,9/10/22,1020,lv,Cheri Beasley,45.9,Ted Budd,48.7,,,,,,,,,,
Emerson College,NV,9/8/22,9/10/22,1000,lv,Catherine Cortez Masto,41.3,Adam Paul Laxalt,41.8,,,,,,,,,,
Center Street PAC,AZ,9/6/22,9/9/22,563,lv,Mark Kelly,55,Blake Masters,35,,,,,,,,,,
Center Street PAC,AZ,9/6/22,9/9/22,972,rv,Mark Kelly,53,Blake Masters,32,,,,,,,,,,
OH Predictive Insights,AZ,9/6/22,9/9/22,654,lv,Mark Kelly,47,Blake Masters,35,,,,,,,,,,
Emerson College,CT,9/7/22,9/9/22,1000,lv,Richard Blumenthal,48.8,Leora R. Levy,36.1,,,,,,,,,,
Change Research,IA,9/3/22,9/8/22,1143,lv,Michael Franken,44,Chuck Grassley,48,,,,,,,,,,
Center Street PAC,UT,9/1/22,9/8/22,239,lv,Evan McMullin,39,Mike Lee,43,,,,,,,,,,
Center Street PAC,UT,9/1/22,9/8/22,474,rv,Evan McMullin,37,Mike Lee,40,,,,,,,,,,
Opinion Savvy/InsiderAdvantage,AZ,9/6/22,9/7/22,550,lv,Mark Kelly,45,Blake Masters,39,,,,,,,,,,
Emerson College,AZ,9/6/22,9/7/22,627,lv,Mark Kelly,46.7,Blake Masters,45,,,,,,,,,,
Echelon Insights,AZ,8/31/22,9/7/22,773,lv,Mark Kelly,52,Blake Masters,37,,,,,,,,,,
Echelon Insights,FL,8/31/22,9/7/22,815,lv,Val Demings,41,Marco Rubio,50,,,,,,,,,,
Opinion Savvy/InsiderAdvantage,GA,9/6/22,9/7/22,550,lv,Raphael Warnock,44,Herschel Junior Walker,47,,,,,,,,,,
Echelon Insights,GA,8/31/22,9/7/22,751,lv,Raphael Warnock,50,Herschel Junior Walker,40,,,,,,,,,,
Echelon Insights,KS,8/31/22,9/7/22,392,lv,Mark R. Holland,35,Jerry Moran,54,,,,,,,,,,
Echelon Insights,LA,8/31/22,9/7/22,506,lv,Luke Mixon,8,John Kennedy,51,,,Syrita Steib,6,Gary Chambers,16,,,,
Suffolk University,OH,9/5/22,9/7/22,500,lv,Tim Ryan,46.6,J.D. Vance,45.6,,,,,,,,,,
Change Research,OH,9/2/22,9/7/22,1209,lv,Tim Ryan,47,J.D. Vance,42,,,,,,,,,,
Echelon Insights,OH,8/31/22,9/7/22,831,lv,Tim Ryan,45,J.D. Vance,39,,,,,,,,,,
SoonerPoll.com,OK,9/2/22,9/7/22,402,lv,Madison Horn,35.4,James Lankford,52.1,,,,,,,,,,
Echelon Insights,OK,8/31/22,9/7/22,522,lv,Madison Horn,29,James Lankford,59,,,,,,,,,,
SoonerPoll.com,OKS,9/2/22,9/7/22,402,lv,Kendra Horn,39.9,Markwayne Mullin,51.9,,,,,,,,,,
Echelon Insights,OKS,8/31/22,9/7/22,522,lv,Kendra Horn,28,Markwayne Mullin,58,,,,,,,,,,
Echelon Insights,PA,8/31/22,9/7/22,828,lv,John Fetterman,57,Mehmet Oz,36,,,,,,,,,,
Echelon Insights,SC,8/31/22,9/7/22,600,lv,Krystle Matthews,37,Tim Scott,54,,,,,,,,,,
Trafalgar Group,VT,9/3/22,9/7/22,1072,lv,Peter Welch,49.7,Gerald Malloy,43.2,,,,,,,,,,
Public Policy Polling,WA,9/6/22,9/7/22,620,v,Patty Murray,48,Tiffany Smiley,39,,,,,,,,,,
Opinion Savvy/InsiderAdvantage,FL,9/5/22,9/6/22,550,lv,Val Demings,44,Marco Rubio,46,,,,,,,,,,
Emerson College,NY,9/4/22,9/6/22,1000,lv,Charles E. Schumer,55,Joe Pinion,30.8,,,,,,,,,,
Trafalgar Group,NC,9/1/22,9/4/22,1079,lv,Cheri Beasley,43.8,Ted Budd,46.6,,,,,,,,,,
Susquehanna Polling & Research Inc.,FL,8/29/22,9/3/22,500,lv,Val Demings,44,Marco Rubio,47,,,,,,,,,,
RABA Research,PA,8/31/22,9/3/22,679,lv,John Fetterman,49,Mehmet Oz,40,,,,,,,,,,
Center Street PAC,OH,8/31/22,9/2/22,987,rv,Tim Ryan,44,J.D. Vance,35,,,,,,,,,,
Center Street PAC,OH,8/31/22,9/2/22,519,lv,Tim Ryan,48,J.D. Vance,39,,,,,,,,,,
Center Street PAC,PA,8/31/22,9/1/22,616,lv,John Fetterman,55,Mehmet Oz,36,,,,,,,,,,
Center Street PAC,PA,8/31/22,9/1/22,1012,rv,John Fetterman,51,Mehmet Oz,33,,,,,,,,,,
ALG Research,UT,8/29/22,9/1/22,800,lv,Evan McMullin,47,Mike Lee,46,,,,,,,,,,
Trafalgar Group,WA,8/30/22,9/1/22,1087,lv,Patty Murray,49.2,Tiffany Smiley,46.3,,,,,,,,,,
Public Policy Polling,CO,8/30/22,8/31/22,782,v,Michael Bennet,46,Joe O'Dea,35,,,,,,,,,,
Fabrizio Lee & Associates/Impact Research,FL,8/24/22,8/31/22,500,lv,Val Demings,47,Marco Rubio,49,,,,,,,,,,
Clarity Campaign Labs,FL,8/25/22,8/30/22,3017,rv,Val Demings,45,Marco Rubio,46,,,,,,,,,,
Public Policy Polling,NC,8/29/22,8/30/22,601,v,Cheri Beasley,42,Ted Budd,41,,,,,,,,,,
Emerson College,GA,8/28/22,8/29/22,600,lv,Raphael Warnock,43.9,Herschel Junior Walker,45.6,,,,,,,,,,
Susquehanna Polling & Research Inc.,PA,8/22/22,8/29/22,718,lv,John Fetterman,49,Mehmet Oz,44,,,,,,,,,,
Victory Geek,IL,8/25/22,8/28/22,512,lv,Tammy Duckworth,58,Kathy Salvi,35,,,,,,,,,,
Trafalgar Group,AZ,8/24/22,8/27/22,1074,lv,Mark Kelly,47.6,Blake Masters,44.3,,,,,,,,,,
Trafalgar Group,GA,8/24/22,8/27/22,1079,lv,Raphael Warnock,46.7,Herschel Junior Walker,47.5,,,,,,,,,,
Tarrance Group,CO,8/22/22,8/25/22,600,lv,Michael Bennet,48,Joe O'Dea,47,,,,,,,,,,
Remington Research Group,MO,8/24/22,8/25/22,1011,lv,Trudy Busch Valentine,40,Eric Schmitt,51,,,,,,,,,,
Trafalgar Group,WI,8/22/22,8/25/22,1091,lv,Mandela Barnes,49.4,Ron Johnson,47.1,,,,,,,,,,
Change Research,IN,8/20/22,8/24/22,2111,lv,Thomas McDermott,42,Todd Young,45,,,,,,,,,,
Fabrizio Lee & Associates/Impact Research,NV,8/16/22,8/24/22,500,lv,Catherine Cortez Masto,44,Adam Paul Laxalt,40,,,,,,,,,,
Fabrizio Lee & Associates/Impact Research,NV,8/16/22,8/24/22,500,lv,Catherine Cortez Masto,48,Adam Paul Laxalt,47,,,,,,,,,,
ALG Research,OH,8/17/22,8/23/22,800,lv,Tim Ryan,50,J.D. Vance,47,,,,,,,,,,
Emerson College,PA,8/22/22,8/23/22,1034,lv,John Fetterman,48.4,Mehmet Oz,43.5,,,,,,,,,,
RMG Research,AZ,8/16/22,8/22/22,750,lv,Mark Kelly,50,Blake Masters,43,,,,,,,,,,
Capitol Communications,NC,8/21/22,8/22/22,800,rv,Cheri Beasley,42.3,Ted Budd,41.4,,,,,,,,,,
Franklin & Marshall College,PA,8/15/22,8/21/22,522,rv,John Fetterman,43,Mehmet Oz,30,,,,,,,,,,
Sachs Media,FL,8/20/22,8/20/22,600,lv,Val Demings,43,Marco Rubio,45,,,,,,,,,,
Trafalgar Group,CO,8/15/22,8/19/22,1087,lv,Michael Bennet,47.4,Joe O'Dea,41.6,,,,,,,,,,
ALG Research,FL,8/12/22,8/18/22,800,lv,Val Demings,46,Marco Rubio,49,,,,,,,,,,
Trafalgar Group,NV,8/15/22,8/18/22,1082,lv,Catherine Cortez Masto,44.3,Adam Paul Laxalt,46.7,,,,,,,,,,
Trafalgar Group,OH,8/16/22,8/18/22,1087,lv,Tim Ryan,44.9,J.D. Vance,49.5,,,,,,,,,,
Trafalgar Group,PA,8/15/22,8/18/22,1096,lv,John Fetterman,48.4,Mehmet Oz,43.5,,,,,,,,,,
Suffolk University,NV,8/14/22,8/17/22,500,lv,Catherine Cortez Masto,44.6,Adam Paul Laxalt,38.2,,,,,,,,,,
McLaughlin & Associates,WA,8/15/22,8/17/22,500,lv,Patty Murray,49.1,Tiffany Smiley,43,,,,,,,,,,
Fox News/Beacon Research/Shaw & Co. Research,AZ,8/12/22,8/16/22,1012,rv,Mark Kelly,50,Blake Masters,42,,,,,,,,,,
YouGov,MO,8/8/22,8/16/22,900,lv,Trudy Busch Valentine,38,Eric Schmitt,49,,,,,,,,,,
YouGov,MO,8/8/22,8/16/22,900,lv,Trudy Busch Valentine,31,Eric Schmitt,44,,,,,,,,,,
Emerson College,OH,8/15/22,8/16/22,925,lv,Tim Ryan,41.6,J.D. Vance,44.7,,,,,,,,,,
Fox News/Beacon Research/Shaw & Co. Research,WI,8/12/22,8/16/22,1006,rv,Mandela Barnes,50,Ron Johnson,46,,,,,,,,,,
Cygnal,NC,8/13/22,8/15/22,615,lv,Cheri Beasley,42.3,Ted Budd,42.3,,,,,,,,,,
Marquette University Law School,WI,8/10/22,8/15/22,811,rv,Mandela Barnes,51,Ron Johnson,44,,,,,,,,,,
Marquette University Law School,WI,8/10/22,8/15/22,614,lv,Mandela Barnes,52,Ron Johnson,45,,,,,,,,,,
Center Street PAC,FL,8/12/22,8/14/22,996,rv,Val Demings,39,Marco Rubio,46,,,,,,,,,,
Center Street PAC,FL,8/12/22,8/14/22,610,lv,Val Demings,41,Marco Rubio,52,,,,,,,,,,
University of North Florida,FL,8/8/22,8/12/22,1534,lv,Val Demings,48,Marco Rubio,44,,,,,,,,,,
Battleground Connect,KS,8/8/22,8/10/22,1074,lv,Mark R. Holland,36.8,Jerry Moran,57.5,,,,,,,,,,
Public Opinion Strategies,PA,8/7/22,8/10/22,600,rv,John Fetterman,51,Mehmet Oz,33,,,,,,,,,,
McLaughlin & Associates,NY,8/7/22,8/9/22,600,lv,Charles E. Schumer,51,Joe Pinion,36,,,,,,,,,,
Center Street PAC,AZ,8/1/22,8/8/22,1107,a,Mark Kelly,48,Blake Masters,34,,,,,,,,,,
Center Street PAC,AZ,8/1/22,8/8/22,877,rv,Mark Kelly,50,Blake Masters,34,,,,,,,,,,
Center Street PAC,AZ,8/1/22,8/8/22,512,lv,Mark Kelly,54,Blake Masters,40,,,,,,,,,,
Phillips Academy,GA,8/3/22,8/7/22,971,rv,Raphael Warnock,43.6,Herschel Junior Walker,45.2,,,,,,,,,,
Chism Strategies,NC,8/4/22,8/6/22,656,lv,Cheri Beasley,46,Ted Budd,42,,,,,,,,,,
Change Research,FL,8/2/22,8/5/22,1031,lv,Val Demings,46,Marco Rubio,46,,,,,,,,,,
WPA Intelligence (WPAi),UT,8/4/22,8/5/22,500,lv,Evan McMullin,32,Mike Lee,50,,,,,,,,,,
Center Street PAC,OH,8/1/22,8/3/22,516,lv,Tim Ryan,49,J.D. Vance,38,,,,,,,,,,
Center Street PAC,OH,8/1/22,8/3/22,1180,a,Tim Ryan,42,J.D. Vance,32,,,,,,,,,,
Center Street PAC,OH,8/1/22,8/3/22,974,rv,Tim Ryan,44,J.D. Vance,33,,,,,,,,,,
OnMessage Inc.,AZ,8/1/22,8/2/22,600,lv,Mark Kelly,49,Blake Masters,44,,,,,,,,,,
Research Affiliates,GA,7/26/22,8/1/22,420,lv,Raphael Warnock,49,Herschel Junior Walker,46,,,,,,,,,,
Center Street PAC,PA,7/29/22,8/1/22,1206,a,John Fetterman,47,Mehmet Oz,30,,,,,,,,,,
Center Street PAC,PA,7/29/22,8/1/22,997,rv,John Fetterman,48,Mehmet Oz,32,,,,,,,,,,
Center Street PAC,PA,7/29/22,8/1/22,516,lv,John Fetterman,52,Mehmet Oz,38,,,,,,,,,,
Clarity Campaign Labs,FL,7/26/22,7/31/22,2244,lv,Val Demings,45,Marco Rubio,45,,,,,,,,,,
Emerson College,NY,7/26/22,7/28/22,1000,lv,Charles E. Schumer,53.2,Joe Pinion,31,,,,,,,,,,
Siena College,NY,7/24/22,7/28/22,806,lv,Charles E. Schumer,56,Joe Pinion,35,,,,,,,,,,
ALG Research,OH,7/21/22,7/28/22,800,lv,Tim Ryan,48,J.D. Vance,45,,,,,,,,,,
McLaughlin & Associates,CT,7/26/22,7/27/22,500,lv,Richard Blumenthal,45.2,Leora R. Levy,33,,,,,,,,,,
Opinion Savvy/InsiderAdvantage,GA,7/26/22,7/27/22,750,lv,Raphael Warnock,48,Herschel Junior Walker,45,,,,,,,,,,
SurveyUSA,MO,7/24/22,7/27/22,787,lv,Trudy Busch Valentine,30,Eric Schmitt,36,,,,,,,,,,
McLaughlin & Associates,CO,7/24/22,7/26/22,500,lv,Michael Bennet,48,Joe O'Dea,40.3,,,,,,,,,,
Fox News/Beacon Research/Shaw & Co. Research,GA,7/22/22,7/26/22,901,rv,Raphael Warnock,46,Herschel Junior Walker,42,,,,,,,,,,
Fox News/Beacon Research/Shaw & Co. Research,PA,7/22/22,7/26/22,901,rv,John Fetterman,47,Mehmet Oz,36,,,,,,,,,,
PEM Management Corporation,GA,7/22/22,7/24/22,300,lv,Raphael Warnock,41.7,Herschel Junior Walker,46.3,,,,,,,,,,
SurveyUSA,GA,7/21/22,7/24/22,604,lv,Raphael Warnock,48,Herschel Junior Walker,39,,,,,,,,,,
PEM Management Corporation,NC,7/22/22,7/24/22,300,lv,Cheri Beasley,42.7,Ted Budd,40.3,,,,,,,,,,
PEM Management Corporation,OH,7/22/22,7/24/22,300,lv,Tim Ryan,44,J.D. Vance,37.7,,,,,,,,,,
PEM Management Corporation,PA,7/22/22,7/24/22,300,lv,John Fetterman,43.7,Mehmet Oz,37.7,,,,,,,,,,
University of Georgia School of Public and International Affairs,GA,7/14/22,7/22/22,902,lv,Raphael Warnock,46.1,Herschel Junior Walker,42.5,,,,,,,,,,
Chism Strategies,PA,7/19/22,7/21/22,712,lv,John Fetterman,48.9,Mehmet Oz,39.6,,,,,,,,,,
Beacon Research,AZ,7/5/22,7/20/22,802,rv,Mark Kelly,49,Blake Masters,34,,,,,,,,,,
Beacon Research,AZ,7/5/22,7/20/22,504,lv,Mark Kelly,51,Blake Masters,39,,,,,,,,,,
Beacon Research,GA,7/5/22,7/20/22,1003,rv,Raphael Warnock,48,Herschel Junior Walker,36,,,,,,,,,,
Beacon Research,GA,7/5/22,7/20/22,602,lv,Raphael Warnock,48,Herschel Junior Walker,43,,,,,,,,,,
Beacon Research,NV,7/5/22,7/20/22,479,rv,Catherine Cortez Masto,49,Adam Paul Laxalt,39,,,,,,,,,,
Beacon Research,NV,7/5/22,7/20/22,301,lv,Catherine Cortez Masto,51,Adam Paul Laxalt,45,,,,,,,,,,
Beacon Research,PA,7/5/22,7/20/22,1012,rv,John Fetterman,47,Mehmet Oz,34,,,,,,,,,,
Beacon Research,PA,7/5/22,7/20/22,609,lv,John Fetterman,50,Mehmet Oz,39,,,,,,,,,,
Victory Research,IL,7/17/22,7/19/22,1208,lv,Tammy Duckworth,43.3,Kathy Salvi,33.9,,,,,,,,,,
Global Strategy Group,PA,7/14/22,7/19/22,1200,rv,John Fetterman,51,Mehmet Oz,40,,,,,,,,,,
Dan Jones & Associates,UT,7/13/22,7/18/22,801,rv,Evan McMullin,36,Mike Lee,41,,,,,,,,,,
"Fabrizio, Lee & Associates",AZ,7/13/22,7/14/22,800,lv,Mark Kelly,49,Blake Masters,44,,,,,,,,,,
Cygnal,IA,7/13/22,7/14/22,600,lv,Michael Franken,43.4,Chuck Grassley,51.6,,,,,,,,,,
WPA Intelligence (WPAi),UT,7/12/22,7/14/22,529,lv,Evan McMullin,35,Mike Lee,49,,,,,,,,,,
Selzer & Co.,IA,7/10/22,7/13/22,597,lv,Michael Franken,39,Chuck Grassley,47,,,,,,,,,,
Center Street PAC,UT,7/12/22,7/12/22,561,a,Evan McMullin,32,Mike Lee,43,,,,,,,,,,
Center Street PAC,UT,7/12/22,7/12/22,434,rv,Evan McMullin,34,Mike Lee,44,,,,,,,,,,
Center Street PAC,UT,7/12/22,7/12/22,213,lv,Evan McMullin,36,Mike Lee,50,,,,,,,,,,
Fabrizio Lee & Associates/Impact Research,GA,7/5/22,7/11/22,500,lv,Raphael Warnock,50,Herschel Junior Walker,47,,,,,,,,,,
Elway Research,WA,7/7/22,7/11/22,400,rv,Patty Murray,53,Tiffany Smiley,33,,,,,,,,,,
Emerson College,NV,7/7/22,7/10/22,2000,rv,Catherine Cortez Masto,44.1,Adam Paul Laxalt,40.8,,,,,,,,,,
SurveyUSA,WA,7/6/22,7/10/22,596,lv,Patty Murray,51,Tiffany Smiley,33,,,,,,,,,,
Center Street PAC,FL,7/9/22,7/9/22,908,a,Val Demings,38,Marco Rubio,48,,,,,,,,,,
Center Street PAC,FL,7/9/22,7/9/22,734,rv,Val Demings,39,Marco Rubio,47,,,,,,,,,,
Center Street PAC,FL,7/9/22,7/9/22,445,lv,Val Demings,42,Marco Rubio,51,,,,,,,,,,
Data for Progress,NH,6/22/22,7/8/22,903,lv,Maggie Hassan,49,Donald C. Bolduc,45,,,,,,,,,,
Data for Progress,GA,7/1/22,7/6/22,1131,lv,Raphael Warnock,47,Herschel Junior Walker,49,,,,,,,,,,
Alaska Survey Research,AK,7/2/22,7/5/22,1201,lv,Patricia R. Chesbro,17.4,Lisa Murkowski,35.3,,,,,,,Kelly C. Tshibaka,42.6,,
Change Research,IA,6/30/22,7/4/22,1488,lv,Michael Franken,44,Chuck Grassley,49,,,,,,,,,,
Center Street PAC,OH,7/1/22,7/3/22,1199,a,Tim Ryan,41,J.D. Vance,36,,,,,,,,,,
Center Street PAC,OH,7/1/22,7/3/22,989,rv,Tim Ryan,44,J.D. Vance,37,,,,,,,,,,
Center Street PAC,OH,7/1/22,7/3/22,528,lv,Tim Ryan,46,J.D. Vance,43,,,,,,,,,,
Trafalgar Group,NC,6/29/22,7/1/22,1068,lv,Cheri Beasley,45.1,Ted Budd,47.6,,,,,,,,,,
ALG Research,OH,6/27/22,6/30/22,816,lv,Tim Ryan,48,J.D. Vance,46,,,,,,,,,,
Change Research,AZ,6/24/22,6/27/22,705,rv,Mark Kelly,48,Blake Masters,39,,,,,,,,,,
Change Research,GA,6/24/22,6/27/22,704,rv,Raphael Warnock,48,Herschel Junior Walker,44,,,,,,,,,,
Quinnipiac University,GA,6/23/22,6/27/22,1497,rv,Raphael Warnock,54,Herschel Junior Walker,44,,,,,,,,,,
Change Research,NH,6/24/22,6/27/22,704,rv,Maggie Hassan,49,Donald C. Bolduc,40,,,,,,,,,,
Change Research,NV,6/24/22,6/27/22,701,rv,Catherine Cortez Masto,46,Adam Paul Laxalt,43,,,,,,,,,,
Marquette University Law School,WI,6/14/22,6/20/22,803,rv,Mandela Barnes,46,Ron Johnson,44,,,,,,,,,,
Cygnal,NC,6/17/22,6/19/22,600,lv,Cheri Beasley,40.3,Ted Budd,45,,,,,,,,,,
Cygnal,PA,6/17/22,6/19/22,535,lv,John Fetterman,48.2,Mehmet Oz,43.8,,,,,,,,,,
Fabrizio Lee & Associates/Impact Research,PA,6/12/22,6/19/22,500,lv,John Fetterman,50,Mehmet Oz,44,,,,,,,,,,
Tarrance Group,WA,6/14/22,6/19/22,600,lv,Patty Murray,48,Tiffany Smiley,43,,,,,,,,,,
Moore Information,GA,6/11/22,6/16/22,800,lv,Raphael Warnock,47,Herschel Junior Walker,47,,,,,,,,,,
WPA Intelligence (WPAi),UT,6/14/22,6/16/22,300,lv,Evan McMullin,33,Mike Lee,52,,,,,,,,,,
Dan Jones & Associates,UT,5/24/22,6/15/22,803,rv,Evan McMullin,35,Mike Lee,41,,,,,,,,,,
Suffolk University,PA,6/10/22,6/13/22,500,lv,John Fetterman,46,Mehmet Oz,37.4,,,,,,,,,,
SurveyUSA,NC,6/8/22,6/12/22,650,lv,Cheri Beasley,44,Ted Budd,40,,,,,,,,,,
East Carolina University,GA,6/6/22,6/9/22,868,rv,Raphael Warnock,47.4,Herschel Junior Walker,46.6,,,,,,,,,,
Global Strategy Group,CO,6/2/22,6/8/22,400,rv,Michael Bennet,49,Joe O'Dea,36,,,,,,,,,,
Dan Jones & Associates,UT,5/24/22,6/4/22,810,rv,Evan McMullin,37,Mike Lee,41,,,,,,,,,,
Public Policy Polling,WA,6/1/22,6/2/22,1039,lv,Patty Murray,51,Tiffany Smiley,40,,,,,,,,,,
Public Policy Polling,FL,5/26/22,5/27/22,655,v,Val Demings,41,Marco Rubio,47,,,,,,,,,,
University of Nevada,NV,5/17/22,5/27/22,1098,a,Catherine Cortez Masto,48,Adam Paul Laxalt,27,,,,,,,,,,
Suffolk University,OH,5/22/22,5/24/22,500,lv,Tim Ryan,39.4,J.D. Vance,41.6,,,,,,,,,,
Cygnal,NC,5/21/22,5/22/22,600,lv,Cheri Beasley,41.8,Ted Budd,43.6,,,,,,,,,,
East Carolina University,NC,5/19/22,5/20/22,635,rv,Cheri Beasley,41.5,Ted Budd,49.3,,,,,,,,,,
Chism Strategies,AZ,5/12/22,5/16/22,608,lv,Mark Kelly,48.6,Blake Masters,32.3,,,,,,,,,,
Meeting Street Insights,NC,5/12/22,5/16/22,500,rv,Cheri Beasley,45,Ted Budd,46,,,,,,,,,,
SurveyUSA,MO,5/11/22,5/15/22,1412,lv,Trudy Busch Valentine,34,Eric Schmitt,47,,,,,,,,,,
Center Street PAC,OH,5/11/22,5/13/22,1174,a,Tim Ryan,37,J.D. Vance,37,,,,,,,,,,
Center Street PAC,OH,5/11/22,5/13/22,938,rv,Tim Ryan,39,J.D. Vance,40,,,,,,,,,,
Center Street PAC,OH,5/11/22,5/13/22,495,lv,Tim Ryan,43,J.D. Vance,48,,,,,,,,,,
Emerson College,CT,5/10/22,5/11/22,1000,rv,Richard Blumenthal,52.2,Leora R. Levy,36.4,,,,,,,,,,
Phillips Academy,FL,5/7/22,5/9/22,543,rv,Val Demings,36,Marco Rubio,34,,,,,,,,,,
Emerson College,NC,5/7/22,5/9/22,1000,rv,Cheri Beasley,41.4,Ted Budd,48.2,,,,,,,,,,
Global Strategy Group,NC,4/28/22,5/4/22,800,lv,Cheri Beasley,45,Ted Budd,45,,,,,,,,,,
Remington Research Group,MO,4/27/22,4/28/22,986,lv,Trudy Busch Valentine,32,Eric Schmitt,50,,,,,,,,,,
SurveyUSA,GA,4/22/22,4/27/22,1278,lv,Raphael Warnock,50,Herschel Junior Walker,45,,,,,,,,,,
McLaughlin & Associates,NV,4/18/22,4/20/22,600,lv,Catherine Cortez Masto,46,Adam Paul Laxalt,47,,,,,,,,,,
University of New Hampshire,NH,4/14/22,4/18/22,868,lv,Maggie Hassan,47,Donald C. Bolduc,46,,,,,,,,,,
Grassroots Targeting,GA,4/3/22,4/16/22,2500,rv,Raphael Warnock,41,Herschel Junior Walker,51.4,,,,,,,,,,
Change Research,IA,4/6/22,4/11/22,1070,lv,Michael Franken,42,Chuck Grassley,45,,,,,,,,,,
OH Predictive Insights,NV,4/1/22,4/9/22,748,rv,Catherine Cortez Masto,43,Adam Paul Laxalt,35,,,,,,,,,,
Phillips Academy,NH,4/4/22,4/8/22,533,a,Maggie Hassan,45.4,Donald C. Bolduc,39.5,,,,,,,,,,
Phillips Academy,NH,4/4/22,4/8/22,471,rv,Maggie Hassan,54.1,Donald C. Bolduc,39.2,,,,,,,,,,
Suffolk University,NV,4/2/22,4/6/22,500,lv,Catherine Cortez Masto,40,Adam Paul Laxalt,43.4,,,,,,,,,,
Emerson College,NC,4/2/22,4/4/22,1047,lv,Cheri Beasley,42.8,Ted Budd,49.6,,,,,,,,,,
Emerson College,GA,4/1/22,4/3/22,1013,lv,Raphael Warnock,45.2,Herschel Junior Walker,49.1,,,,,,,,,,
Cygnal,NC,3/30/22,3/31/22,513,lv,Cheri Beasley,43.1,Ted Budd,44.6,,,,,,,,,,
Saint Anselm College,NH,3/23/22,3/24/22,1265,rv,Maggie Hassan,44,Donald C. Bolduc,39,,,,,,,,,,
Chism Strategies,NV,3/21/22,3/24/22,671,lv,Catherine Cortez Masto,40.3,Adam Paul Laxalt,46.9,,,,,,,,,,
JMC Analytics,LA,3/21/22,3/23/22,600,lv,Luke Mixon,7,John Kennedy,53,,,Syrita Steib,3,Gary Chambers,14,,,,
Moore Information,FL,3/14/22,3/19/22,600,rv,Val Demings,32,Marco Rubio,47,,,,,,,,,,
Moore Information,SD,3/14/22,3/19/22,400,rv,Brian L. Bengs,24,John R. Thune,59,,,,,,,,,,
Moore Information,SC,3/8/22,3/13/22,500,rv,Krystle Matthews,25,Tim Scott,57,,,,,,,,,,
Saint Leo University,FL,2/28/22,3/12/22,500,lv,Val Demings,27.4,Marco Rubio,45,,,,,,,,,,
Chism Strategies,GA,3/2/22,3/8/22,662,lv,Raphael Warnock,45.4,Herschel Junior Walker,48.5,,,,,,,,,,
Center Street PAC,UT,3/5/22,3/5/22,683,a,Evan McMullin,26,Mike Lee,31,,,,,,,,,,
Center Street PAC,UT,3/5/22,3/5/22,527,rv,Evan McMullin,27,Mike Lee,33,,,,,,,,,,
Center Street PAC,UT,3/5/22,3/5/22,226,lv,Evan McMullin,30,Mike Lee,38,,,,,,,,,,
Center Street PAC,FL,3/4/22,3/4/22,1102,a,Val Demings,26,Marco Rubio,48,,,,,,,,,,
Center Street PAC,FL,3/4/22,3/4/22,898,rv,Val Demings,27,Marco Rubio,47,,,,,,,,,,
Center Street PAC,FL,3/4/22,3/4/22,472,lv,Val Demings,34,Marco Rubio,51,,,,,,,,,,
University of North Florida,FL,2/7/22,2/20/22,685,rv,Val Demings,34,Marco Rubio,46,,,,,,,,,,
Public Policy Polling,WA,2/17/22,2/18/22,700,lv,Patty Murray,50,Tiffany Smiley,41,,,,,,,,,,
Mason-Dixon Polling & Strategy,FL,2/7/22,2/10/22,625,rv,Val Demings,42,Marco Rubio,49,,,,,,,,,,
Wick,GA,2/2/22,2/6/22,1290,lv,Raphael Warnock,45.6,Herschel Junior Walker,46.5,,,,,,,,,,
Suffolk University,FL,1/26/22,1/29/22,500,lv,Val Demings,41.4,Marco Rubio,48.6,,,,,,,,,,
OH Predictive Insights,NV,1/19/22,1/26/22,755,rv,Catherine Cortez Masto,44,Adam Paul Laxalt,35,,,,,,,,,,
Quinnipiac University,GA,1/19/22,1/24/22,1702,rv,Raphael Warnock,48,Herschel Junior Walker,49,,,,,,,,,,
University of Georgia School of Public and International Affairs,GA,1/13/22,1/24/22,872,rv,Raphael Warnock,43.6,Herschel Junior Walker,47.1,,,,,,,,,,
Mason-Dixon Polling & Strategy,KY,1/19/22,1/22/22,625,rv,Charles Booker,39,Rand Paul,55,,,,,,,,,,
Saint Anselm College,NH,1/11/22,1/12/22,1215,rv,Maggie Hassan,43,Donald C. Bolduc,36,,,,,,,,,,
Trafalgar Group,NH,12/10/21,12/12/21,1041,lv,Maggie Hassan,46.1,Donald C. Bolduc,40.3,,,,,,,,,,
NRSC,GA,12/4/21,12/8/21,831,lv,Raphael Warnock,48,Herschel Junior Walker,49,,,,,,,,,,
Data for Progress,PA,12/3/21,12/5/21,581,lv,John Fetterman,44,Mehmet Oz,42,,,,,,,,,,
Trafalgar Group,NV,11/24/21,11/29/21,1034,lv,Catherine Cortez Masto,40.9,Adam Paul Laxalt,44.1,,,,,,,,,,
St. Pete Polls,FL,11/18/21,11/19/21,2896,rv,Val Demings,44.3,Marco Rubio,51,,,,,,,,,,
NRSC,NV,11/14/21,11/17/21,571,lv,Catherine Cortez Masto,42,Adam Paul Laxalt,46,,,,,,,,,,
Public Policy Polling,WA,11/10/21,11/11/21,909,lv,Patty Murray,50,Tiffany Smiley,37,,,,,,,,,,
Redfield & Wilton Strategies,NC,11/10/21,11/10/21,777,rv,Cheri Beasley,36,Ted Budd,37,,,,,,,,,,
Redfield & Wilton Strategies,NC,11/10/21,11/10/21,640,lv,Cheri Beasley,39,Ted Budd,40,,,,,,,,,,
Redfield & Wilton Strategies,FL,11/9/21,11/9/21,867,rv,Val Demings,33,Marco Rubio,45,,,,,,,,,,
Redfield & Wilton Strategies,FL,11/9/21,11/9/21,737,lv,Val Demings,36,Marco Rubio,48,,,,,,,,,,
Redfield & Wilton Strategies,GA,11/9/21,11/9/21,753,rv,Raphael Warnock,45,Herschel Junior Walker,39,,,,,,,,,,
Redfield & Wilton Strategies,GA,11/9/21,11/9/21,638,lv,Raphael Warnock,48,Herschel Junior Walker,42,,,,,,,,,,
SurveyUSA,WA,10/25/21,10/28/21,542,rv,Patty Murray,49,Tiffany Smiley,31,,,,,,,,,,
Saint Leo University,FL,10/17/21,10/23/21,500,a,Val Demings,28.6,Marco Rubio,46.8,,,,,,,,,,
University of New Hampshire,NH,10/14/21,10/18/21,979,lv,Maggie Hassan,47,Donald C. Bolduc,42,,,,,,,,,,
VCreek/AMG,FL,9/23/21,9/27/21,405,lv,Val Demings,38,Marco Rubio,42,,,,,,,,,,
Mellman Group,NV,9/15/21,9/22/21,600,lv,Catherine Cortez Masto,45.5,Adam Paul Laxalt,41.2,,,,,,,,,,
WPA Intelligence (WPAi),NV,9/11/21,9/15/21,504,lv,Catherine Cortez Masto,37,Adam Paul Laxalt,39,,,,,,,,,,
OH Predictive Insights,AZ,9/7/21,9/12/21,882,rv,Mark Kelly,44,Blake Masters,35,,,,,,,,,,
Clarity Campaign Labs,WI,9/8/21,9/11/21,756,lv,Mandela Barnes,43,Ron Johnson,43,,,,,,,,,,
Redfield & Wilton Strategies,FL,8/20/21,8/24/21,1000,rv,Val Demings,34,Marco Rubio,46,,,,,,,,,,
Redfield & Wilton Strategies,FL,8/20/21,8/24/21,1000,lv,Val Demings,37,Marco Rubio,48,,,,,,,,,,
Redfield & Wilton Strategies,OH,8/20/21,8/24/21,1200,rv,Tim Ryan,36,J.D. Vance,33,,,,,,,,,,
Redfield & Wilton Strategies,OH,8/20/21,8/24/21,1200,lv,Tim Ryan,37,J.D. Vance,36,,,,,,,,,,
The Political Matrix/The Listener Group,FL,8/14/21,8/18/21,1000,lv,Val Demings,45.1,Marco Rubio,54.9,,,,,,,,,,
St. Pete Polls,FL,8/16/21,8/17/21,2068,rv,Val Demings,46.1,Marco Rubio,48.1,,,,,,,,,,
Change Research,FL,8/14/21,8/17/21,1585,lv,Val Demings,44,Marco Rubio,47,,,,,,,,,,
VCreek/AMG,NV,8/9/21,8/14/21,567,rv,Catherine Cortez Masto,32,Adam Paul Laxalt,42,,,,,,,,,,
Susquehanna Polling & Research Inc.,FL,8/4/21,8/10/21,700,rv,Val Demings,39,Marco Rubio,50,,,,,,,,,,
Public Policy Polling,GA,8/4/21,8/5/21,622,v,Raphael Warnock,48,Herschel Junior Walker,46,,,,,,,,,,
University of New Hampshire,NH,7/15/21,7/19/21,1540,lv,Maggie Hassan,51,Donald C. Bolduc,41,,,,,,,,,,
The Political Matrix/The Listener Group,FL,6/27/21,6/27/21,681,lv,Val Demings,39.6,Marco Rubio,60.4,,,,,,,,,,
Public Policy Polling,WA,5/25/21,5/26/21,992,lv,Patty Murray,53,Tiffany Smiley,37,,,,,,,,,,
Public Policy Polling,OH,3/18/21,3/19/21,700,v,Tim Ryan,37,J.D. Vance,39,,,,,,,,,,
Trafalgar Group/InsiderAdvantage,GA,3/7/21,3/9/21,1093,lv,Raphael Warnock,45.5,Herschel Junior Walker,47.7,,,,,,,,,,
University of New Hampshire,NH,2/18/21,2/22/21,1676,lv,Maggie Hassan,52,Donald C. Bolduc,39,,,,,,,,,,